nuts3,name,pop_2019,pop_2050,change_pct
AT111,Mittelburgenland,37513,35729,-4.8
AT112,Nordburgenland,158981,168910,6.2
AT113,Südburgenland,96939,87590,-9.6
AT121,Mostviertel-Eisenwurzen,246740,251591,2.0
AT122,Niederösterreich-Süd,260480,263529,1.2
AT123,Sankt Pölten,155446,165033,6.2
AT124,Waldviertel,217445,202523,-6.9
AT125,Weinviertel,124967,123967,-0.8
AT126,Wiener Umland/Nordteil,330362,358175,8.4
AT127,Wiener Umland/Südteil,342102,352674,3.1
AT130,Wien,1897491,2174734,14.6
AT211,Klagenfurt-Villach,287528,282796,-1.6
AT212,Oberkärnten,124252,107914,-13.1
AT213,Unterkärnten,149159,130045,-12.8
AT221,Graz,443066,498632,12.5
AT222,Liezen,79901,74430,-6.8
AT223,Östliche Obersteiermark,159044,134631,-15.3
AT224,Oststeiermark,266912,258961,-3.0
AT225,West- und Südsteiermark,194466,190344,-2.1
AT226,Westliche Obersteiermark,99663,84976,-14.7
AT311,Innviertel,287640,312089,8.5
AT312,Linz-Wels,591781,656996,11.0
AT313,Mühlviertel,209304,210016,0.3
AT314,Steyr-Kirchdorf,155486,156722,0.8
AT315,Traunviertel,237884,228684,-3.9
AT321,Lungau,20320,18607,-8.4
AT322,Pinzgau-Pongau,168035,169111,0.6
AT323,Salzburg und Umgebung,366866,389015,6.0
AT331,Außerfern,32670,32970,0.9
AT332,Innsbruck,311428,344442,10.6
AT333,Osttirol,48753,47128,-3.3
AT334,Tiroler Oberland,104418,112250,7.5
AT335,Tiroler Unterland,257436,278386,8.1
AT341,Bludenz-Bregenzer Wald,91889,96044,4.5
AT342,Rheintal-Bodenseegebiet,302408,346185,14.5
BE100,Arr. de Bruxelles-Capitale/Arr. Brussel-Hoofdstad,1215290,1408311,15.9
BE211,Arr. Antwerpen,1053033,1154839,9.7
BE212,Arr. Mechelen,344980,371771,7.8
BE213,Arr. Turnhout,462457,467320,1.1
BE221,Arr. Hasselt (NUTS 2016),429704,427089,-0.6
BE222,Arr. Maaseik (NUTS 2016),241849,233484,-3.5
BE223,Arr. Tongeren,204289,199854,-2.2
BE231,Arr. Aalst,291351,306415,5.2
BE232,Arr. Dendermonde,201299,201328,0.0
BE233,Arr. Eeklo,85378,87206,2.1
BE234,Arr. Gent,560690,595263,6.2
BE235,Arr. Oudenaarde,124402,124235,-0.1
BE236,Arr. Sint-Niklaas,253163,269350,6.4
BE241,Arr. Halle-Vilvoorde,638030,682247,6.9
BE242,Arr. Leuven,508613,531430,4.5
BE251,Arr. Brugge,282520,268798,-4.9
BE252,Arr. Diksmuide,51560,52150,1.1
BE253,Arr. Ieper,106551,100544,-5.6
BE254,Arr. Kortrijk,290930,295484,1.6
BE255,Arr. Oostende,157293,151876,-3.4
BE256,Arr. Roeselare,153394,156126,1.8
BE257,Arr. Tielt,93040,90996,-2.2
BE258,Arr. Veurne,61707,57547,-6.7
BE310,Arr. Nivelles,404270,426314,5.5
BE321,Arr. Ath (NUTS 2016),87125,89227,2.4
BE322,Arr. Charleroi (NUTS 2016),431879,424318,-1.8
BE323,Arr. Mons,259175,268527,3.6
BE324,Arr. Mouscron (NUTS 2016),76520,78390,2.4
BE325,Arr. Soignies (NUTS 2016),191391,193589,1.1
BE326,Arr. Thuin (NUTS 2016),152358,151235,-0.7
BE327,Arr. Tournai (NUTS 2016),147634,142068,-3.8
BE331,Arr. Huy,113528,115630,1.9
BE332,Arr. Liège,626627,626763,0.0
BE334,Arr. Waremme,81498,86193,5.8
BE335,Arr. Verviers — communes francophones,210512,210540,0.0
BE336,Bezirk Verviers — Deutschsprachige Gemeinschaft,77903,85200,9.4
BE341,Arr. Arlon,63062,64433,2.2
BE342,Arr. Bastogne,49125,51331,4.5
BE343,Arr. Marche-en-Famenne,57283,54933,-4.1
BE344,Arr. Neufchâteau,63424,64866,2.3
BE345,Arr. Virton,53791,57631,7.1
BE351,Arr. Dinant,112159,110167,-1.8
BE352,Arr. Namur,317552,329967,3.9
BE353,Arr. Philippeville,67180,62002,-7.7
BG311,Vidin,84865,46789,-44.9
BG312,Montana,129637,82706,-36.2
BG313,Vratsa,162549,100601,-38.1
BG314,Pleven,240380,156848,-34.7
BG315,Lovech,124873,81544,-34.7
BG321,Veliko Tarnovo,235708,164267,-30.3
BG322,Gabrovo,108404,65972,-39.1
BG323,Ruse,218556,162971,-25.4
BG324,Razgrad,112229,76395,-31.9
BG325,Silistra,109271,74949,-31.4
BG331,Varna,471252,425676,-9.7
BG332,Dobrich,173831,120401,-30.7
BG333,Shumen,172355,139184,-19.2
BG334,Targovishte,111597,82524,-26.1
BG341,Burgas,410331,361237,-12.0
BG342,Sliven,186495,152568,-18.2
BG343,Yambol,118897,85153,-28.4
BG344,Stara Zagora,316356,251373,-20.5
BG411,Sofia (stolitsa),1328120,1308946,-1.4
BG412,Sofia,229041,169955,-25.8
BG413,Blagoevgrad,305123,222924,-26.9
BG414,Pernik,120880,82994,-31.3
BG415,Kyustendil,119041,72597,-39.0
BG421,Plovdiv,668334,594971,-11.0
BG422,Haskovo,228141,173510,-23.9
BG423,Pazardzhik,255479,186125,-27.1
BG424,Smolyan,105421,56143,-46.7
BG425,Kardzhali,152873,155703,1.9
CH011,Vaud,799145,985867,23.4
CH012,Valais / Wallis,343955,407224,18.4
CH013,Genève,499480,660953,32.3
CH021,Bern / Berne,1034977,1149918,11.1
CH022,Fribourg / Freiburg,318714,400054,25.5
CH023,Solothurn,273194,304554,11.5
CH024,Neuchâtel,176850,174451,-1.4
CH025,Jura,73419,78493,6.9
CH031,Basel-Stadt,194766,201927,3.7
CH032,Basel-Landschaft,288132,310586,7.8
CH033,Aargau,678207,815116,20.2
CH040,Zürich,1520968,1913617,25.8
CH051,Glarus,40403,43153,6.8
CH052,Schaffhausen,81991,90882,10.8
CH053,Appenzell Ausserrhoden,55234,58277,5.5
CH054,Appenzell Innerrhoden,16145,17586,8.9
CH055,St. Gallen,507697,545132,7.4
CH056,Graubünden / Grigioni / Grischun,198379,200124,0.9
CH057,Thurgau,276472,326257,18.0
CH061,Luzern,409557,467167,14.1
CH062,Uri,36433,38192,4.8
CH063,Schwyz,159165,177175,11.3
CH064,Obwalden,37841,41087,8.6
CH065,Nidwalden,43223,45967,6.3
CH066,Zug,126837,149342,17.7
CH070,Ticino,353343,356282,0.8
CY000,Kýpros,875899,1046219,19.4
CZ010,Hlavní město Praha,1308632,1492355,14.0
CZ020,Středočeský kraj,1369332,1569323,14.6
CZ031,Jihočeský kraj,642133,625541,-2.6
CZ032,Plzeňský kraj,584672,612666,4.8
CZ041,Karlovarský kraj,294896,245645,-16.7
CZ042,Ústecký kraj,820789,752323,-8.3
CZ051,Liberecký kraj,442356,431053,-2.6
CZ052,Královéhradecký kraj,551021,509067,-7.6
CZ053,Pardubický kraj,520316,513580,-1.3
CZ063,Kraj Vysočina,509274,468965,-7.9
CZ064,Jihomoravský kraj,1187667,1172436,-1.3
CZ071,Olomoucký kraj,632492,571983,-9.6
CZ072,Zlínský kraj,582921,528793,-9.3
CZ080,Moravskoslezský kraj,1203299,1036521,-13.9
DE111,"Stuttgart, Stadtkreis",634830,661910,4.3
DE112,Böblingen,391640,401791,2.6
DE113,Esslingen,533859,538270,0.8
DE114,Göppingen,257253,256472,-0.3
DE115,Ludwigsburg,543984,550265,1.2
DE116,Rems-Murr-Kreis,426158,423982,-0.5
DE117,"Heilbronn, Stadtkreis",125960,130770,3.8
DE118,"Heilbronn, Landkreis",343068,347900,1.4
DE119,Hohenlohekreis,112010,112484,0.4
DE11A,Schwäbisch Hall,195861,199044,1.6
DE11B,Main-Tauber-Kreis,132321,131500,-0.6
DE11C,Heidenheim,132472,132167,-0.2
DE11D,Ostalbkreis,314002,350948,11.8
DE121,"Baden-Baden, Stadtkreis",55123,50708,-8.0
DE122,"Karlsruhe, Stadtkreis",313092,425072,35.8
DE123,"Karlsruhe, Landkreis",444232,437329,-1.6
DE124,Rastatt,231018,224439,-2.8
DE125,"Heidelberg, Stadtkreis",160355,189073,17.9
DE126,"Mannheim, Stadtkreis",309370,346470,12.0
DE127,Neckar-Odenwald-Kreis,143535,138375,-3.6
DE128,Rhein-Neckar-Kreis,547625,527397,-3.7
DE129,"Pforzheim, Stadtkreis",125542,129830,3.4
DE12A,Calw,158397,153725,-2.9
DE12B,Enzkreis,198905,192330,-3.3
DE12C,Freudenstadt,117935,117064,-0.7
DE131,"Freiburg im Breisgau, Stadtkreis",230241,238429,3.6
DE132,Breisgau-Hochschwarzwald,262795,257806,-1.9
DE133,Emmendingen,165383,160738,-2.8
DE134,Ortenaukreis,429479,429331,-0.0
DE135,Rottweil,139455,138187,-0.9
DE136,Schwarzwald-Baar-Kreis,212381,213335,0.4
DE137,Tuttlingen,140152,148321,5.8
DE138,Konstanz,285325,277573,-2.7
DE139,Lörrach,228639,228914,0.1
DE13A,Waldshut,170619,169837,-0.5
DE141,Reutlingen,286748,289864,1.1
DE142,"Tübingen, Landkreis",227331,227899,0.2
DE143,Zollernalbkreis,188935,234015,23.9
DE144,"Ulm, Stadtkreis",126329,127006,0.5
DE145,Alb-Donau-Kreis,196047,199992,2.0
DE146,Biberach,199742,207223,3.7
DE147,Bodenseekreis,216227,209095,-3.3
DE148,Ravensburg,284285,287976,1.3
DE149,Sigmaringen,130873,141346,8.0
DE211,"Ingolstadt, Kreisfreie Stadt",136981,142053,3.7
DE212,"München, Kreisfreie Stadt",1471508,1664427,13.1
DE213,"Rosenheim, Kreisfreie Stadt",63324,65027,2.7
DE214,Altötting,111210,112294,1.0
DE215,Berchtesgadener Land,105722,104573,-1.1
DE216,Bad Tölz-Wolfratshausen,127227,130666,2.7
DE217,Dachau,153884,158744,3.2
DE218,Ebersberg,142142,143079,0.7
DE219,Eichstätt,132341,142142,7.4
DE21A,Erding,137660,144237,4.8
DE21B,Freising,179116,191607,7.0
DE21C,Fürstenfeldbruck,219320,223968,2.1
DE21D,Garmisch-Partenkirchen,88467,85177,-3.7
DE21E,Landsberg am Lech,120071,119384,-0.6
DE21F,Miesbach,99726,98252,-1.5
DE21G,Mühldorf a. Inn,115250,117208,1.7
DE21H,"München, Landkreis",348871,347147,-0.5
DE21I,Neuburg-Schrobenhausen,96680,100320,3.8
DE21J,Pfaffenhofen a. d. Ilm,127151,131805,3.7
DE21K,"Rosenheim, Landkreis",260983,259125,-0.7
DE21L,Starnberg,136092,132142,-2.9
DE21M,Traunstein,177089,174141,-1.7
DE21N,Weilheim-Schongau,135348,132939,-1.8
DE221,"Landshut, Kreisfreie Stadt",72404,72303,-0.1
DE222,"Passau, Kreisfreie Stadt",52469,48326,-7.9
DE223,"Straubing, Kreisfreie Stadt",47794,46792,-2.1
DE224,Deggendorf,119326,120156,0.7
DE225,Freyung-Grafenau,78355,74661,-4.7
DE226,Kelheim,122258,133445,9.2
DE227,"Landshut, Landkreis",158698,162729,2.5
DE228,"Passau, Landkreis",192043,184110,-4.1
DE229,Regen,77656,74535,-4.0
DE22A,Rottal-Inn,120659,119691,-0.8
DE22B,Straubing-Bogen,100649,102088,1.4
DE22C,Dingolfing-Landau,96217,101920,5.9
DE231,"Amberg, Kreisfreie Stadt",41970,40193,-4.2
DE232,"Regensburg, Kreisfreie Stadt",152610,156527,2.6
DE233,"Weiden i. d. Opf, Kreisfreie Stadt",42520,39969,-6.0
DE234,Amberg-Sulzbach,103109,101973,-1.1
DE235,Cham,127882,124066,-3.0
DE236,Neumarkt i. d. OPf.,133561,136292,2.0
DE237,Neustadt a. d. Waldnaab,94352,92907,-1.5
DE238,"Regensburg, Landkreis",193572,195047,0.8
DE239,Schwandorf,147189,145196,-1.4
DE23A,Tirschenreuth,72504,67801,-6.5
DE241,"Bamberg, Kreisfreie Stadt",77592,79592,2.6
DE242,"Bayreuth, Kreisfreie Stadt",74657,65587,-12.1
DE243,"Coburg, Kreisfreie Stadt",41249,38575,-6.5
DE244,"Hof, Kreisfreie Stadt",45930,42367,-7.8
DE245,"Bamberg, Landkreis",147086,144966,-1.4
DE246,"Bayreuth, Landkreis",103656,96155,-7.2
DE247,"Coburg, Landkreis",86906,80039,-7.9
DE248,Forchheim,116099,114116,-1.7
DE249,"Hof, Landkreis",95311,83886,-12.0
DE24A,Kronach,67135,61699,-8.1
DE24B,Kulmbach,71845,65827,-8.4
DE24C,Lichtenfels,66838,63476,-5.0
DE24D,Wunsiedel i. Fichtelgebirge,73178,64427,-12.0
DE251,"Ansbach, Kreisfreie Stadt",41847,41184,-1.6
DE252,"Erlangen, Kreisfreie Stadt",111962,115365,3.0
DE253,"Fürth, Kreisfreie Stadt",127748,130619,2.2
DE254,"Nürnberg, Kreisfreie Stadt",518365,537255,3.6
DE255,"Schwabach, Kreisfreie Stadt",40792,40471,-0.8
DE256,"Ansbach, Landkreis",183949,183472,-0.3
DE257,Erlangen-Höchstadt,136271,134697,-1.2
DE258,"Fürth, Landkreis",117387,136778,16.5
DE259,Nürnberger Land,170365,161234,-5.4
DE25A,Neustadt a. d. Aisch-Bad Windsheim,100364,98968,-1.4
DE25B,Roth,126958,125478,-1.2
DE25C,Weißenburg-Gunzenhausen,94393,92932,-1.5
DE261,"Aschaffenburg, Kreisfreie Stadt",70527,69129,-2.0
DE262,"Schweinfurt, Kreisfreie Stadt",54032,53962,-0.1
DE263,"Würzburg, Kreisfreie Stadt",127880,121757,-4.8
DE264,"Aschaffenburg, Landkreis",174208,167907,-3.6
DE265,Bad Kissingen,103218,96038,-7.0
DE266,Rhön-Grabfeld,79690,75343,-5.5
DE267,Haßberge,84599,83703,-1.1
DE268,Kitzingen,90909,91418,0.6
DE269,Miltenberg,128756,125723,-2.4
DE26A,Main-Spessart,126365,120657,-4.5
DE26B,"Schweinfurt, Landkreis",115106,111676,-3.0
DE26C,"Würzburg, Landkreis",161834,159761,-1.3
DE271,"Augsburg, Kreisfreie Stadt",295135,302290,2.4
DE272,"Kaufbeuren, Kreisfreie Stadt",43893,42297,-3.6
DE273,"Kempten (Allgäu), Kreisfreie Stadt",68907,67367,-2.2
DE274,"Memmingen, Kreisfreie Stadt",43837,44310,1.1
DE275,Aichach-Friedberg,133596,134947,1.0
DE276,"Augsburg, Landkreis",251534,248944,-1.0
DE277,Dillingen a.d. Donau,96021,97589,1.6
DE278,Günzburg,125747,129425,2.9
DE279,Neu-Ulm,174200,175293,0.6
DE27A,Lindau (Bodensee),81669,79623,-2.5
DE27B,Ostallgäu,140316,142325,1.4
DE27C,Unterallgäu,144041,144818,0.5
DE27D,Donau-Ries,133496,140313,5.1
DE27E,Oberallgäu,155362,152659,-1.7
DE300,Berlin,3644826,3992651,9.5
DE401,"Brandenburg an der Havel, Kreisfreie Stadt",72124,66016,-8.5
DE402,"Cottbus, Kreisfreie Stadt",100219,77108,-23.1
DE403,"Frankfurt (Oder), Kreisfreie Stadt",57873,40235,-30.5
DE404,"Potsdam, Kreisfreie Stadt",178089,176989,-0.6
DE405,Barnim,182760,254569,39.3
DE406,Dahme-Spreewald,169067,164499,-2.7
DE407,Elbe-Elster,102638,84910,-17.3
DE408,Havelland,161909,156335,-3.4
DE409,Märkisch-Oderland,194328,182364,-6.2
DE40A,Oberhavel,211249,203935,-3.5
DE40B,Oberspreewald-Lausitz,110476,78456,-29.0
DE40C,Oder-Spree,178658,147973,-17.2
DE40D,Ostprignitz-Ruppin,99078,87694,-11.5
DE40E,Potsdam-Mittelmark,214664,190668,-11.2
DE40F,Prignitz,76508,65197,-14.8
DE40G,Spree-Neiße,114429,83280,-27.2
DE40H,Teltow-Fläming,168296,172347,2.4
DE40I,Uckermark,119552,88290,-26.1
DE501,"Bremen, Kreisfreie Stadt",569352,606294,6.5
DE502,"Bremerhaven, Kreisfreie Stadt",113634,115047,1.2
DE600,Hamburg,1841179,1994063,8.3
DE711,"Darmstadt, Kreisfreie Stadt",159207,160836,1.0
DE712,"Frankfurt am Main, Kreisfreie Stadt",753056,842041,11.8
DE713,"Offenbach am Main, Kreisfreie Stadt",128744,148432,15.3
DE714,"Wiesbaden, Kreisfreie Stadt",278342,292396,5.0
DE715,Bergstraße,269694,256244,-5.0
DE716,Darmstadt-Dieburg,297399,294535,-1.0
DE717,Groß-Gerau,274526,286013,4.2
DE718,Hochtaunuskreis,236564,222475,-6.0
DE719,Main-Kinzig-Kreis,418950,410554,-2.0
DE71A,Main-Taunus-Kreis,237735,232731,-2.1
DE71B,Odenwaldkreis,96798,92260,-4.7
DE71C,"Offenbach, Landkreis",354092,355737,0.5
DE71D,Rheingau-Taunus-Kreis,187157,172898,-7.6
DE71E,Wetteraukreis,306460,293913,-4.1
DE721,"Gießen, Landkreis",268876,422210,57.0
DE722,Lahn-Dill-Kreis,253777,240769,-5.1
DE723,Limburg-Weilburg,172083,164521,-4.4
DE724,Marburg-Biedenkopf,246648,243009,-1.5
DE725,Vogelsbergkreis,105878,96524,-8.8
DE731,"Kassel, Kreisfreie Stadt",201585,200754,-0.4
DE732,Fulda,222584,219982,-1.2
DE733,Hersfeld-Rotenburg,120829,117080,-3.1
DE734,"Kassel, Landkreis",236633,210990,-10.8
DE735,Schwalm-Eder-Kreis,180222,163633,-9.2
DE736,Waldeck-Frankenberg,156953,144628,-7.9
DE737,Werra-Meißner-Kreis,101017,89721,-11.2
DE803,"Rostock, Kreisfreie Stadt",208886,191915,-8.1
DE804,"Schwerin, Kreisfreie Stadt",95818,98482,2.8
DE80J,Mecklenburgische Seenplatte,259130,221579,-14.5
DE80K,Landkreis Rostock,215113,186959,-13.1
DE80L,Vorpommern-Rügen,224684,191651,-14.7
DE80M,Nordwestmecklenburg,156729,139759,-10.8
DE80N,Vorpommern-Greifswald,236697,204338,-13.7
DE80O,Ludwigslust-Parchim,212618,249934,17.6
DE911,"Braunschweig, Kreisfreie Stadt",248292,295287,18.9
DE912,"Salzgitter, Kreisfreie Stadt",104948,104416,-0.5
DE913,"Wolfsburg, Kreisfreie Stadt",124151,127068,2.3
DE914,Gifhorn,175920,170654,-3.0
DE916,Goslar,137014,120822,-11.8
DE917,Helmstedt,91307,82399,-9.8
DE918,Northeim,132765,117421,-11.6
DE91A,Peine,133965,124039,-7.4
DE91B,Wolfenbüttel,119960,108799,-9.3
DE91C,Göttingen,328074,414232,26.3
DE922,Diepholz,216886,200594,-7.5
DE923,Hameln-Pyrmont,148559,132212,-11.0
DE925,Hildesheim,276594,258100,-6.7
DE926,Holzminden,70975,63069,-11.1
DE927,Nienburg (Weser),121386,111603,-8.1
DE928,Schaumburg,157781,139497,-11.6
DE929,Region Hannover,1157624,1142781,-1.3
DE931,Celle,178936,166060,-7.2
DE932,Cuxhaven,198213,173999,-12.2
DE933,Harburg,252776,233418,-7.7
DE934,Lüchow-Dannenberg,48424,43028,-11.1
DE935,"Lüneburg, Landkreis",183372,174949,-4.6
DE936,Osterholz,113517,101464,-10.6
DE937,Rotenburg (Wümme),163455,152528,-6.7
DE938,Heidekreis,139755,161093,15.3
DE939,Stade,203102,192935,-5.0
DE93A,Uelzen,92572,81986,-11.4
DE93B,Verden,136792,128024,-6.4
DE941,"Delmenhorst, Kreisfreie Stadt",77607,75948,-2.1
DE942,"Emden, Kreisfreie Stadt",50195,49067,-2.2
DE943,"Oldenburg (Oldenburg), Kreisfreie Stadt",168210,163554,-2.8
DE944,"Osnabrück, Kreisfreie Stadt",164748,163787,-0.6
DE945,"Wilhelmshaven, Kreisfreie Stadt",76278,65226,-14.5
DE946,Ammerland,124071,114361,-7.8
DE947,Aurich,189848,173930,-8.4
DE948,Cloppenburg,169348,180292,6.5
DE949,Emsland,325657,326397,0.2
DE94A,Friesland (DE),98460,83327,-15.4
DE94B,Grafschaft Bentheim,136511,136653,0.1
DE94C,Leer,169809,159787,-5.9
DE94D,"Oldenburg, Landkreis",130144,125007,-3.9
DE94E,"Osnabrück, Landkreis",357343,425244,19.0
DE94F,Vechta,141598,151247,6.8
DE94G,Wesermarsch,88624,79806,-9.9
DE94H,Wittmund,56882,49898,-12.3
DEA11,"Düsseldorf, Kreisfreie Stadt",619294,635583,2.6
DEA12,"Duisburg, Kreisfreie Stadt",498590,514095,3.1
DEA13,"Essen, Kreisfreie Stadt",583109,591402,1.4
DEA14,"Krefeld, Kreisfreie Stadt",227020,217929,-4.0
DEA15,"Mönchengladbach, Kreisfreie Stadt",261454,261302,-0.1
DEA16,"Mülheim an der Ruhr, Kreisfreie Stadt",170880,160974,-5.8
DEA17,"Oberhausen, Kreisfreie Stadt",210829,198729,-5.7
DEA18,"Remscheid, Kreisfreie Stadt",110994,106972,-3.6
DEA19,"Solingen, Kreisfreie Stadt",159360,154573,-3.0
DEA1A,"Wuppertal, Kreisfreie Stadt",354382,355103,0.2
DEA1B,Kleve,310974,325650,4.7
DEA1C,Mettmann,485684,449405,-7.5
DEA1D,Rhein-Kreis Neuss,451007,443582,-1.6
DEA1E,Viersen,298935,282678,-5.4
DEA1F,Wesel,459809,423693,-7.9
DEA22,"Bonn, Kreisfreie Stadt",327258,351522,7.4
DEA23,"Köln, Kreisfreie Stadt",1085664,1129020,4.0
DEA24,"Leverkusen, Kreisfreie Stadt",163838,163084,-0.5
DEA26,Düren,263722,250147,-5.1
DEA27,Rhein-Erft-Kreis,470089,475633,1.2
DEA28,Euskirchen,192840,176963,-8.2
DEA29,Heinsberg,254322,243028,-4.4
DEA2A,Oberbergischer Kreis,272471,262720,-3.6
DEA2B,Rheinisch-Bergischer Kreis,283455,265482,-6.3
DEA2C,Rhein-Sieg-Kreis,599780,600207,0.1
DEA2D,Städteregion Aachen,555465,520945,-6.2
DEA31,"Bottrop, Kreisfreie Stadt",117383,110188,-6.1
DEA32,"Gelsenkirchen, Kreisfreie Stadt",260654,262612,0.8
DEA33,"Münster, Kreisfreie Stadt",314319,318784,1.4
DEA34,Borken,370676,431215,16.3
DEA35,Coesfeld,219929,211659,-3.8
DEA36,Recklinghausen,615261,577844,-6.1
DEA37,Steinfurt,447614,452172,1.0
DEA38,Warendorf,277783,278676,0.3
DEA41,"Bielefeld, Kreisfreie Stadt",333786,340038,1.9
DEA42,Gütersloh,364083,377517,3.7
DEA43,Herford,250783,243648,-2.8
DEA44,Höxter,140667,157912,12.3
DEA45,Lippe,348391,366968,5.3
DEA46,Minden-Lübbecke,310710,297378,-4.3
DEA47,Paderborn,306890,312591,1.9
DEA51,"Bochum, Kreisfreie Stadt",364628,355262,-2.6
DEA52,"Dortmund, Kreisfreie Stadt",587010,591675,0.8
DEA53,"Hagen, Kreisfreie Stadt",188814,191468,1.4
DEA54,"Hamm, Kreisfreie Stadt",179111,183890,2.7
DEA55,"Herne, Kreisfreie Stadt",156374,149016,-4.7
DEA56,Ennepe-Ruhr-Kreis,324296,295919,-8.8
DEA57,Hochsauerlandkreis,260475,246000,-5.6
DEA58,Märkischer Kreis,412120,431865,4.8
DEA59,Olpe,134775,135865,0.8
DEA5A,Siegen-Wittgenstein,278210,313065,12.5
DEA5B,Soest,301902,328591,8.8
DEA5C,Unna,394782,380631,-3.6
DEB11,"Koblenz, Kreisfreie Stadt",114024,108157,-5.1
DEB12,Ahrweiler,129727,118178,-8.9
DEB13,Altenkirchen (Westerwald),128705,117848,-8.4
DEB14,Bad Kreuznach,158080,146740,-7.2
DEB15,Birkenfeld,80720,75277,-6.7
DEB17,Mayen-Koblenz,214259,213967,-0.1
DEB18,Neuwied,181941,165757,-8.9
DEB1A,Rhein-Lahn-Kreis,122308,107183,-12.4
DEB1B,Westerwaldkreis,201597,196265,-2.6
DEB1C,Cochem-Zell,61587,54753,-11.1
DEB1D,Rhein-Hunsrück-Kreis,102937,90925,-11.7
DEB21,"Trier, Kreisfreie Stadt",110636,189427,71.2
DEB22,Bernkastel-Wittlich,112262,106880,-4.8
DEB23,Eifelkreis Bitburg-Prüm,98561,97896,-0.7
DEB24,Vulkaneifel,60603,53357,-12.0
DEB25,Trier-Saarburg,148945,146039,-2.0
DEB31,"Frankenthal (Pfalz), Kreisfreie Stadt",48561,46345,-4.6
DEB32,"Kaiserslautern, Kreisfreie Stadt",99845,94669,-5.2
DEB33,"Landau in der Pfalz, Kreisfreie Stadt",46677,42361,-9.2
DEB34,"Ludwigshafen am Rhein, Kreisfreie Stadt",171061,175964,2.9
DEB35,"Mainz, Kreisfreie Stadt",217118,216933,-0.1
DEB36,"Neustadt an der Weinstraße, Kreisfreie Stadt",53148,49060,-7.7
DEB37,"Pirmasens, Kreisfreie Stadt",40403,35381,-12.4
DEB38,"Speyer, Kreisfreie Stadt",50378,48319,-4.1
DEB39,"Worms, Kreisfreie Stadt",83330,84303,1.2
DEB3A,"Zweibrücken, Kreisfreie Stadt",34209,32525,-4.9
DEB3B,Alzey-Worms,129244,124215,-3.9
DEB3C,Bad Dürkheim,132660,118286,-10.8
DEB3D,Donnersbergkreis,75101,68108,-9.3
DEB3E,Germersheim,129075,126112,-2.3
DEB3F,"Kaiserslautern, Landkreis",106057,100985,-4.8
DEB3G,Kusel,70526,63733,-9.6
DEB3H,Südliche Weinstraße,110356,100519,-8.9
DEB3I,Rhein-Pfalz-Kreis,154201,143507,-6.9
DEB3J,Mainz-Bingen,210889,215827,2.3
DEB3K,Südwestpfalz,95113,82636,-13.1
DEC01,Regionalverband Saarbrücken,329708,309736,-6.1
DEC02,Merzig-Wadern,103366,95801,-7.3
DEC03,Neunkirchen,132206,129553,-2.0
DEC04,Saarlouis,195201,212986,9.1
DEC05,Saarpfalz-Kreis,142631,128716,-9.8
DEC06,St. Wendel,87397,77059,-11.8
DED21,"Dresden, Kreisfreie Stadt",554649,656993,18.5
DED2C,Bautzen,300880,268769,-10.7
DED2D,Görlitz,254894,217725,-14.6
DED2E,Meißen,242165,216190,-10.7
DED2F,Sächsische Schweiz-Osterzgebirge,245611,225320,-8.3
DED41,"Chemnitz, Kreisfreie Stadt",247237,220626,-10.8
DED42,Erzgebirgskreis,337696,283213,-16.1
DED43,Mittelsachsen,306185,264070,-13.8
DED44,Vogtlandkreis,227796,191441,-16.0
DED45,Zwickau,317531,265344,-16.4
DED51,"Leipzig, Kreisfreie Stadt",587857,578604,-1.6
DED52,Leipzig,257763,220059,-14.6
DED53,Nordsachsen,197673,178021,-9.9
DEE01,"Dessau-Roßlau, Kreisfreie Stadt",81237,67012,-17.5
DEE02,"Halle (Saale), Kreisfreie Stadt",239257,232324,-2.9
DEE03,"Magdeburg, Kreisfreie Stadt",238697,218837,-8.3
DEE04,Altmarkkreis Salzwedel,83765,73889,-11.8
DEE05,Anhalt-Bitterfeld,159854,135359,-15.3
DEE06,Jerichower Land,89928,78626,-12.6
DEE07,Börde,171734,151066,-12.0
DEE08,Burgenlandkreis,180190,157934,-12.4
DEE09,Harz,214446,265512,23.8
DEE0A,Mansfeld-Südharz,136249,111583,-18.1
DEE0B,Saalekreis,184582,158274,-14.3
DEE0C,Salzlandkreis,190560,157545,-17.3
DEE0D,Stendal,111982,99226,-11.4
DEE0E,Wittenberg,125840,105486,-16.2
DEF01,"Flensburg, Kreisfreie Stadt",89504,84879,-5.2
DEF02,"Kiel, Kreisfreie Stadt",247548,250635,1.2
DEF03,"Lübeck, Kreisfreie Stadt",217198,206104,-5.1
DEF04,"Neumünster, Kreisfreie Stadt",79487,117088,47.3
DEF05,Dithmarschen,133210,119593,-10.2
DEF06,Herzogtum Lauenburg,197264,182070,-7.7
DEF07,Nordfriesland,165507,155016,-6.3
DEF08,Ostholstein,200581,169829,-15.3
DEF09,Pinneberg,314391,296517,-5.7
DEF0A,Plön,128647,112095,-12.9
DEF0B,Rendsburg-Eckernförde,272775,245900,-9.9
DEF0C,Schleswig-Flensburg,200025,176791,-11.6
DEF0D,Segeberg,276032,273370,-1.0
DEF0E,Steinburg,131347,125091,-4.8
DEF0F,Stormarn,243196,222544,-8.5
DEG01,"Erfurt, Kreisfreie Stadt",213699,205909,-3.6
DEG02,"Gera, Kreisfreie Stadt",94152,93645,-0.5
DEG03,"Jena, Kreisfreie Stadt",111407,107558,-3.5
DEG04,"Suhl, Kreisfreie Stadt",34835,34782,-0.2
DEG05,"Weimar, Kreisfreie Stadt",65090,61888,-4.9
DEG06,Eichsfeld,100380,95443,-4.9
DEG07,Nordhausen,83822,73950,-11.8
DEG09,Unstrut-Hainich-Kreis,102912,93110,-9.5
DEG0A,Kyffhäuserkreis,75009,63689,-15.1
DEG0B,Schmalkalden-Meiningen,122347,106466,-13.0
DEG0C,Gotha,135452,124137,-8.4
DEG0D,Sömmerda,69655,62009,-11.0
DEG0E,Hildburghausen,63553,57283,-9.9
DEG0F,Ilm-Kreis,108742,99821,-8.2
DEG0G,Weimarer Land,81947,73537,-10.3
DEG0H,Sonneberg,56196,47475,-15.5
DEG0I,Saalfeld-Rudolstadt,106356,89498,-15.9
DEG0J,Saale-Holzland-Kreis,83051,121170,45.9
DEG0K,Saale-Orla-Kreis,80868,70785,-12.5
DEG0L,Greiz,98159,81809,-16.7
DEG0M,Altenburger Land,90118,75589,-16.1
DEG0N,"Eisenach, Kreisfreie Stadt",42370,39230,-7.4
DEG0P,Wartburgkreis,123025,108957,-11.4
DK011,Byen København,784618,877786,11.9
DK012,Københavns omegn,547534,562435,2.7
DK013,Nordsjælland,463748,465212,0.3
DK014,Bornholm,39662,35841,-9.6
DK021,Østsjælland,249359,262044,5.1
DK022,Vest- og Sydsjælland,587379,593620,1.1
DK031,Fyn,498481,521615,4.6
DK032,Sydjylland,724867,724992,0.0
DK041,Vestjylland,430111,420619,-2.2
DK042,Østjylland,890567,1017067,14.2
DK050,Nordjylland,589755,616959,4.6
EE001,Põhja-Eesti,599478,699671,16.7
EE004,Lääne-Eesti,148940,123361,-17.2
EE006,Kesk-Eesti (NUTS 2016),122922,91497,-25.6
EE007,Kirde-Eesti (NUTS 2016),136240,79466,-41.7
EE008,Lõuna-Eesti,317240,262228,-17.3
EL301,Voreios Tomeas Athinon,576111,419381,-27.2
EL302,Dytikos Tomeas Athinon,483712,424203,-12.3
EL303,Kentrikos Tomeas Athinon,917960,639750,-30.3
EL304,Notios Tomeas Athinon,522340,416847,-20.2
EL305,Anatoliki Attiki,566719,616410,8.8
EL306,Dytiki Attiki,180485,201310,11.5
EL307,"Peiraias, Nisoi",494908,361078,-27.0
EL411,"Lesvos, Limnos",114805,178940,55.9
EL412,"Ikaria, Samos",48238,75231,56.0
EL413,Chios,58055,78688,35.5
EL421,"Kalymnos, Karpathos – Iroiki Nisos Kasos, Kos, Rodos",217241,255109,17.4
EL422,"Andros, Thira, Kea, Milos, Mykonos, Naxos, Paros, Syros, Tinos",126786,122672,-3.2
EL431,Irakleio,313766,318776,1.6
EL432,Lasithi,74006,67562,-8.7
EL433,Rethymni,87582,89464,2.1
EL434,Chania,159576,161699,1.3
EL511,Evros,147190,150497,2.2
EL512,Xanthi,111631,104013,-6.8
EL513,Rodopi,110666,98254,-11.2
EL514,Drama,96845,95455,-1.4
EL515,"Thasos, Kavala",133391,114949,-13.8
EL521,Imathia,141585,134479,-5.0
EL522,Thessaloniki,1104690,959269,-13.2
EL523,Kilkis,80475,77224,-4.0
EL524,Pella,137181,120899,-11.9
EL525,Pieria,131879,131179,-0.5
EL526,Serres,167374,137716,-17.7
EL527,Chalkidiki,110593,105953,-4.2
EL531,"Grevena, Kozani",170821,131929,-22.8
EL532,Kastoria,46668,34045,-27.0
EL533,Florina,49519,41341,-16.5
EL541,"Arta, Preveza",120936,94495,-21.9
EL542,Thesprotia,45064,42241,-6.3
EL543,Ioannina,167696,150048,-10.5
EL611,"Karditsa, Trikala",234445,184253,-21.4
EL612,Larisa,281033,239297,-14.9
EL613,"Magnisia, Sporades",203162,177700,-12.5
EL621,Zakynthos,39737,37335,-6.0
EL622,Kerkyra,101569,91059,-10.3
EL623,"Ithaki, Kefallinia",38718,36736,-5.1
EL624,Lefkada,23845,23335,-2.1
EL631,Aitoloakarnania,200617,155348,-22.6
EL632,Achaia,298996,242810,-18.8
EL633,Ileia,155576,136373,-12.3
EL641,Voiotia,122256,127083,3.9
EL642,Evvoia,213067,194989,-8.5
EL643,Evrytania,18814,12019,-36.1
EL644,Fthiotida,159387,142505,-10.6
EL645,Fokida,42436,39739,-6.4
EL651,"Argolida, Arkadia",178244,147808,-17.1
EL652,Korinthia,147739,135017,-8.6
EL653,"Lakonia, Messinia",248464,228615,-8.0
ES111,A Coruña,1122006,1007098,-10.2
ES112,Lugo,329587,273049,-17.2
ES113,Ourense,307841,242660,-21.2
ES114,Pontevedra,941007,836480,-11.1
ES120,Asturias,1022205,820426,-19.7
ES130,Cantabria,581641,526400,-9.5
ES211,Araba/Álava,327682,346128,5.6
ES212,Gipuzkoa,713007,731912,2.7
ES213,Bizkaia,1137191,1080740,-5.0
ES220,Navarra,649946,719331,10.7
ES230,La Rioja,313571,295462,-5.8
ES241,Huesca,219239,204021,-6.9
ES242,Teruel,133298,109750,-17.7
ES243,Zaragoza,968049,960176,-0.8
ES300,Madrid,6641649,8159656,22.9
ES411,Ávila,159260,125181,-21.4
ES412,Burgos,355429,300997,-15.3
ES413,León,462496,356777,-22.9
ES414,Palencia,160701,127119,-20.9
ES415,Salamanca,332234,270080,-18.7
ES416,Segovia,154095,131849,-14.4
ES417,Soria,89501,77609,-13.3
ES418,Valladolid,520385,448751,-13.8
ES419,Zamora,173632,121932,-29.8
ES421,Albacete,389528,348639,-10.5
ES422,Ciudad Real,495106,396935,-19.8
ES423,Cuenca,199628,163036,-18.3
ES424,Guadalajara,258890,263852,1.9
ES425,Toledo,691725,644987,-6.8
ES431,Badajoz,672493,579554,-13.8
ES432,Cáceres,392931,316491,-19.5
ES511,Barcelona,5575204,6635094,19.0
ES512,Girona,757497,854103,12.8
ES513,Lleida,431183,437145,1.4
ES514,Tarragona,802547,828956,3.3
ES521,Alicante/Alacant,1862780,1998922,7.3
ES522,Castellón/Castelló,571601,539914,-5.5
ES523,Valencia/València,2540588,2602738,2.4
ES531,Eivissa y Formentera,167992,236944,41.0
ES532,Mallorca,923608,1244440,34.7
ES533,Menorca,96620,95659,-1.0
ES611,Almería,706871,821635,16.2
ES612,Cádiz,1249739,1184815,-5.2
ES613,Córdoba,783867,693161,-11.6
ES614,Granada,919700,889888,-3.2
ES615,Huelva,524576,522524,-0.4
ES616,Jaén,632027,511061,-19.1
ES617,Málaga,1660985,1873970,12.8
ES618,Sevilla,1949640,1928523,-1.1
ES620,Murcia,1487663,1635530,9.9
ES630,Ceuta,84829,83788,-1.2
ES640,Melilla,84689,90478,6.8
ES703,El Hierro,11154,17681,58.5
ES704,Fuerteventura,122629,191010,55.8
ES705,Gran Canaria,865756,912793,5.4
ES706,La Gomera,22100,21900,-0.9
ES707,La Palma,84793,137521,62.2
ES708,Lanzarote,150998,184874,22.4
ES709,Tenerife,949471,1186385,25.0
FI193,Keski-Suomi,275521,244835,-11.1
FI194,Etelä-Pohjanmaa,189715,157714,-16.9
FI195,Pohjanmaa,180794,166813,-7.7
FI196,Satakunta,218624,176432,-19.3
FI197,Pirkanmaa,515095,514071,-0.2
FI1B1,Helsinki-Uusimaa,1671024,1898949,13.6
FI1C1,Varsinais-Suomi,478582,459335,-4.0
FI1C2,Kanta-Häme,171364,138338,-19.3
FI1C3,Päijät-Häme,200629,169264,-15.6
FI1C4,Kymenlaakso,173388,130121,-25.0
FI1C5,Etelä-Karjala,128756,103809,-19.4
FI1D1,Etelä-Savo,144615,103499,-28.4
FI1D2,Pohjois-Savo,245602,213131,-13.2
FI1D3,Pohjois-Karjala,162240,135413,-16.5
FI1D5,Keski-Pohjanmaa,68437,59927,-12.4
FI1D7,Lappi,178522,146705,-17.8
FI1D8,Kainuu,73061,53888,-26.2
FI1D9,Pohjois-Pohjanmaa,412161,384615,-6.7
FI200,Åland,29789,33850,13.6
FR101,Paris,2160928,2325380,7.6
FR102,Seine-et-Marne,1417171,1547850,9.2
FR103,Yvelines,1445318,1498873,3.7
FR104,Essonne,1311863,1482204,13.0
FR105,Hauts-de-Seine,1612763,1698852,5.3
FR106,Seine-Saint-Denis,1654892,1995302,20.6
FR107,Val-de-Marne,1400072,1546273,10.4
FR108,Val-d'Oise,1241800,1377166,10.9
FRB01,Cher,299060,245731,-17.8
FRB02,Eure-et-Loir,430911,389868,-9.5
FRB03,Indre,218810,181410,-17.1
FRB04,Indre-et-Loire,605840,616263,1.7
FRB05,Loir-et-Cher,329276,292806,-11.1
FRB06,Loiret,681361,710357,4.3
FRC11,Côte-d’Or,533307,560017,5.0
FRC12,Nièvre,202115,155385,-23.1
FRC13,Saône-et-Loire,550004,492965,-10.4
FRC14,Yonne,334302,286871,-14.2
FRC21,Doubs,539508,560946,4.0
FRC22,Jura,258611,233065,-9.9
FRC23,Haute-Saône,234401,200936,-14.3
FRC24,Territoire de Belfort,141085,131511,-6.8
FRD11,Calvados,692463,694718,0.3
FRD12,Manche,492733,440525,-10.6
FRD13,Orne,279304,234954,-15.9
FRD21,Eure,601388,564651,-6.1
FRD22,Seine-Maritime,1247452,1218763,-2.3
FRE11,Nord,2594456,2625554,1.2
FRE12,Pas-de-Calais,1457843,1359021,-6.8
FRE21,Aisne,529132,467871,-11.6
FRE22,Oise,824981,808243,-2.0
FRE23,Somme,571025,575455,0.8
FRF11,Bas-Rhin,1130370,1243897,10.0
FRF12,Haut-Rhin,763774,752410,-1.5
FRF21,Ardennes,268178,218318,-18.6
FRF22,Aube,310063,312426,0.8
FRF23,Marne,565322,560730,-0.8
FRF24,Haute-Marne,171401,134747,-21.4
FRF31,Meurthe-et-Moselle,731615,764646,4.5
FRF32,Meuse,183633,149635,-18.5
FRF33,Moselle,1038692,1001330,-3.6
FRF34,Vosges,362243,307112,-15.2
FRG01,Loire-Atlantique,1423365,1735046,21.9
FRG02,Maine-et-Loire,815111,846440,3.8
FRG03,Mayenne,306083,283889,-7.3
FRG04,Sarthe,562220,515736,-8.3
FRG05,Vendée,680621,682293,0.2
FRH01,Côtes-d’Armor,597327,551533,-7.7
FRH02,Finistère,907331,889992,-1.9
FRH03,Ille-et-Vilaine,1074841,1276379,18.8
FRH04,Morbihan,754221,746364,-1.0
FRI11,Dordogne,410151,356720,-13.0
FRI12,Gironde,1617189,2042068,26.3
FRI13,Landes,410346,406528,-0.9
FRI14,Lot-et-Garonne,331202,308478,-6.9
FRI15,Pyrénées-Atlantiques,681157,710722,4.3
FRI21,Corrèze,240870,229151,-4.9
FRI22,Creuse,117071,100370,-14.3
FRI23,Haute-Vienne,372040,361304,-2.9
FRI31,Charente,349643,319010,-8.8
FRI32,Charente-Maritime,646194,634719,-1.8
FRI33,Deux-Sèvres,373100,344704,-7.6
FRI34,Vienne,437355,464698,6.3
FRJ11,Aude,371822,371187,-0.2
FRJ12,Gard,747151,746529,-0.1
FRJ13,Hérault,1166070,1447931,24.2
FRJ14,Lozère,76401,74839,-2.0
FRJ15,Pyrénées-Orientales,477522,497882,4.3
FRJ21,Ariège,152750,143783,-5.9
FRJ22,Aveyron,278703,259311,-7.0
FRJ23,Haute-Garonne,1388447,1789633,28.9
FRJ24,Gers,190354,172492,-9.4
FRJ25,Lot,173521,159152,-8.3
FRJ26,Hautes-Pyrénées,227417,209740,-7.8
FRJ27,Tarn,387854,373772,-3.6
FRJ28,Tarn-et-Garonne,261197,273417,4.7
FRK11,Allier,333659,285713,-14.4
FRK12,Cantal,143592,125572,-12.5
FRK13,Haute-Loire,227082,214061,-5.7
FRK14,Puy-de-Dôme,658243,730994,11.1
FRK21,Ain,652437,722804,10.8
FRK22,Ardèche,326485,312198,-4.4
FRK23,Drôme,517703,551108,6.5
FRK24,Isère,1263351,1329652,5.2
FRK25,Loire,764233,784013,2.6
FRK26,Rhône,1865534,2252897,20.8
FRK27,Savoie,432181,438271,1.4
FRK28,Haute-Savoie,821382,949201,15.6
FRL01,Alpes-de-Haute-Provence,164843,162491,-1.4
FRL02,Hautes-Alpes,141651,136438,-3.7
FRL03,Alpes-Maritimes,1080815,1077536,-0.3
FRL04,Bouches-du-Rhône,2031409,2152925,6.0
FRL05,Var,1068920,1128813,5.6
FRL06,Vaucluse,560767,564634,0.7
FRM01,Corse-du-Sud,160760,187042,16.3
FRM02,Haute-Corse,180794,209126,15.7
FRY10,Guadeloupe,416474,323848,-22.2
FRY20,Martinique,363484,276254,-24.0
FRY30,Guyane,283539,438709,54.7
FRY40,La Réunion,857961,880556,2.6
FRY50,Mayotte,269471,485198,80.1
HR031,Primorsko-goranska županija,283405,230152,-18.8
HR032,Ličko-senjska županija,44834,31660,-29.4
HR033,Zadarska županija,168031,151248,-10.0
HR034,Šibensko-kninska županija,99633,76195,-23.5
HR035,Splitsko-dalmatinska županija,447723,414455,-7.4
HR036,Istarska županija,209020,213127,2.0
HR037,Dubrovačko-neretvanska županija,121425,114919,-5.4
HR041,Grad Zagreb (NUTS 2016),806341,825001,2.3
HR042,Zagrebacka zupanija (NUTS 2016),309306,257300,-16.8
HR043,Krapinsko-zagorska zupanija (NUTS 2016),124786,96541,-22.6
HR044,Varazdinska zupanija (NUTS 2016),166658,132462,-20.5
HR045,Koprivnicko-krizevacka zupanija (NUTS 2016),107076,77446,-27.7
HR046,Medimurska zupanija (NUTS 2016),109537,92284,-15.8
HR047,Bjelovarsko-bilogorska zupanija (NUTS 2016),107186,72251,-32.6
HR048,Viroviticko-podravska zupanija (NUTS 2016),74521,45918,-38.4
HR049,Pozesko-slavonska zupanija (NUTS 2016),67028,39180,-41.5
HR04A,Brodsko-posavska zupanija (NUTS 2016),138804,84433,-39.2
HR04B,Osjecko-baranjska zupanija (NUTS 2016),275056,182165,-33.8
HR04C,Vukovarsko-srijemska zupanija (NUTS 2016),152494,84305,-44.7
HR04D,Karlovacka zupanija (NUTS 2016),116166,83342,-28.3
HR04E,Sisacko-moslavacka zupanija (NUTS 2016),147216,88175,-40.1
HU110,Budapest,1752286,1721777,-1.7
HU120,Pest,1278874,1379555,7.9
HU211,Fejér,417712,396740,-5.0
HU212,Komárom-Esztergom,299207,285203,-4.7
HU213,Veszprém,341317,313900,-8.0
HU221,Győr-Moson-Sopron,467144,520532,11.4
HU222,Vas,253551,247168,-2.5
HU223,Zala,268648,230834,-14.1
HU231,Baranya,360704,336408,-6.7
HU232,Somogy,301429,257747,-14.5
HU233,Tolna,217463,185084,-14.9
HU311,Borsod-Abaúj-Zemplén,642447,565541,-12.0
HU312,Heves,294609,260800,-11.5
HU313,Nógrád,189304,161875,-14.5
HU321,Hajdú-Bihar,527989,491597,-6.9
HU322,Jász-Nagykun-Szolnok,370007,318822,-13.8
HU323,Szabolcs-Szatmár-Bereg,552964,471106,-14.8
HU331,Bács-Kiskun,503825,474627,-5.8
HU332,Békés,334264,273487,-18.2
HU333,Csongrád-Csanád,399012,377549,-5.4
IE041,Border,405926,516905,27.3
IE042,West,462021,567067,22.7
IE051,Mid-West,484164,581098,20.0
IE052,South-East,434267,545207,25.5
IE053,South-West,705950,874103,23.8
IE061,Dublin,1387606,1792201,29.2
IE062,Mid-East,720143,940461,30.6
IE063,Midland,304163,396149,30.2
IS001,Höfuðborgarsvæði,228231,317270,39.0
IS002,Landsbyggð,128760,172032,33.6
ITC11,Torino,2259523,2100807,-7.0
ITC12,Vercelli,170911,143628,-16.0
ITC13,Biella,175585,143452,-18.3
ITC14,Verbano-Cusio-Ossola,158349,142109,-10.3
ITC15,Novara,369018,353853,-4.1
ITC16,Cuneo,587098,581631,-0.9
ITC17,Asti,214638,190501,-11.2
ITC18,Alessandria,421284,364582,-13.5
ITC20,Valle d’Aosta/Vallée d’Aoste,125666,118033,-6.1
ITC31,Imperia,213840,204075,-4.6
ITC32,Savona,276064,243002,-12.0
ITC33,Genova,841180,753809,-10.4
ITC34,La Spezia,219556,213496,-2.8
ITC41,Varese,890768,876523,-1.6
ITC42,Como,599204,603277,0.7
ITC43,Lecco,337380,327200,-3.0
ITC44,Sondrio,181095,176197,-2.7
ITC46,Bergamo,1114590,1144078,2.6
ITC47,Brescia,1265954,1337648,5.7
ITC48,Pavia,545888,535458,-1.9
ITC49,Lodi,230198,234840,2.0
ITC4A,Cremona,358955,361607,0.7
ITC4B,Mantova,412292,426236,3.4
ITC4C,Milano,3250315,3531263,8.6
ITC4D,Monza e della Brianza,873935,893567,2.2
ITF11,L’Aquila,299031,264880,-11.4
ITF12,Teramo,308052,297598,-3.4
ITF13,Pescara,318909,305810,-4.1
ITF14,Chieti,385588,344589,-10.6
ITF21,Isernia,84379,75355,-10.7
ITF22,Campobasso,221238,191007,-13.7
ITF31,Caserta,922965,908467,-1.6
ITF32,Benevento,277018,240286,-13.3
ITF33,Napoli,3084890,2808386,-9.0
ITF34,Avellino,418306,353798,-15.4
ITF35,Salerno,1098513,1005729,-8.4
ITF43,Taranto,576756,476730,-17.3
ITF44,Brindisi,392975,339215,-13.7
ITF45,Lecce,795134,704466,-11.4
ITF46,Foggia,622183,545484,-12.3
ITF47,Bari,1251994,1120489,-10.5
ITF48,Barletta-Andria-Trani,390011,359974,-7.7
ITF51,Potenza,364960,294659,-19.3
ITF52,Matera,197909,175017,-11.6
ITF61,Cosenza,705753,644062,-8.7
ITF62,Crotone,174980,179814,2.8
ITF63,Catanzaro,358316,309490,-13.6
ITF64,Vibo Valentia,160073,139723,-12.7
ITF65,Reggio Calabria,548009,489859,-10.6
ITG11,Trapani,430492,393275,-8.6
ITG12,Palermo,1252588,1090342,-13.0
ITG13,Messina,626876,515036,-17.8
ITG14,Agrigento,434870,372633,-14.3
ITG15,Caltanissetta,262458,218551,-16.7
ITG16,Enna,164788,131503,-20.2
ITG17,Catania,1107702,1032577,-6.8
ITG18,Ragusa,320893,337237,5.1
ITG19,Siracusa,399224,355350,-11.0
ITG25,Sassari (NUTS 2016),330211,294609,-10.8
ITG26,Nuoro (NUTS 2016),153448,119188,-22.3
ITG27,Cagliari (NUTS 2016),558684,480757,-13.9
ITG28,Oristano (NUTS 2016),158513,121679,-23.2
ITG29,Olbia-Tempio (NUTS 2016),161360,147332,-8.7
ITG2A,Ogliastra (NUTS 2016),56362,45469,-19.3
ITG2B,Medio Campidano (NUTS 2016),96774,73006,-24.6
ITG2C,Carbonia-Iglesias (NUTS 2016),124239,92597,-25.5
ITH10,Bolzano-Bozen,531178,645520,21.5
ITH20,Trento,541098,574451,6.2
ITH31,Verona,926497,1038238,12.1
ITH32,Vicenza,862418,859780,-0.3
ITH33,Belluno,202950,184342,-9.2
ITH34,Treviso,887806,908354,2.3
ITH35,Venezia,853338,834693,-2.2
ITH36,Padova,937908,941946,0.4
ITH37,Rovigo,234937,197097,-16.1
ITH41,Pordenone,312533,320101,2.4
ITH42,Udine,528791,485339,-8.2
ITH43,Gorizia,139403,145312,4.2
ITH44,Trieste,234493,235324,0.4
ITH51,Piacenza,287152,298460,3.9
ITH52,Parma,451631,497025,10.1
ITH53,Reggio nell’Emilia,531891,537416,1.0
ITH54,Modena,705393,768695,9.0
ITH55,Bologna,1014619,1103074,8.7
ITH56,Ferrara,345691,313085,-9.4
ITH57,Ravenna,389456,382492,-1.8
ITH58,Forlì-Cesena,394627,404259,2.4
ITH59,Rimini,339017,363182,7.1
ITI11,Massa-Carrara,194878,168500,-13.5
ITI12,Lucca,387876,357887,-7.7
ITI13,Pistoia,292473,296149,1.3
ITI14,Firenze,1011349,1020588,0.9
ITI15,Prato,257716,279753,8.6
ITI16,Livorno,334832,310248,-7.3
ITI17,Pisa,419037,399579,-4.6
ITI18,Arezzo,342654,323057,-5.7
ITI19,Siena,267197,262307,-1.8
ITI1A,Grosseto,221629,206447,-6.9
ITI21,Perugia,656382,623678,-5.0
ITI22,Terni,225633,195422,-13.4
ITI31,Pesaro e Urbino,358886,335017,-6.7
ITI32,Ancona,471228,439207,-6.8
ITI33,Macerata,314178,290451,-7.6
ITI34,Ascoli Piceno,207179,184108,-11.1
ITI35,Fermo,173800,163115,-6.1
ITI41,Viterbo,317030,289287,-8.8
ITI42,Rieti,155503,132349,-14.9
ITI43,Roma,4342212,4395969,1.2
ITI44,Latina,575254,571741,-0.6
ITI45,Frosinone,489083,445088,-9.0
LI000,Liechtenstein,38378,43513,13.4
LT011,Vilniaus apskritis,810538,788703,-2.7
LT021,Alytaus apskritis,135906,79394,-41.6
LT022,Kauno apskritis,561430,439278,-21.8
LT023,Klaipėdos apskritis,317722,261809,-17.6
LT024,Marijampolės apskritis,138678,79277,-42.8
LT025,Panevėžio apskritis,214617,117531,-45.2
LT026,Šiaulių apskritis,262487,173192,-34.0
LT027,Tauragės apskritis,93695,52035,-44.5
LT028,Telšių apskritis,132082,78107,-40.9
LT029,Utenos apskritis,127029,68613,-46.0
LU000,Luxembourg,613894,769048,25.3
LV003,Kurzeme,240113,148919,-38.0
LV005,Latgale,260226,145752,-44.0
LV006,Rīga,632614,520591,-17.7
LV007,Pieriga,370589,319753,-13.7
LV008,Vidzeme,186095,110187,-40.8
LV009,Zemgale,230331,149837,-34.9
MT001,Malta,460171,638071,38.7
MT002,Gozo and Comino/Għawdex u Kemmuna,33388,30302,-9.2
NL111,Oost-Groningen,146803,111690,-23.9
NL112,Delfzijl en omgeving,46051,37109,-19.4
NL113,Overig Groningen,391136,393211,0.5
NL124,Noord-Friesland,324653,312733,-3.7
NL125,Zuidwest-Friesland,135764,127015,-6.4
NL126,Zuidoost-Friesland,187255,180900,-3.4
NL131,Noord-Drenthe,191515,166397,-13.1
NL132,Zuidoost-Drenthe,167968,153645,-8.5
NL133,Zuidwest-Drenthe,132684,130591,-1.6
NL211,Noord-Overijssel,371608,396489,6.7
NL212,Zuidwest-Overijssel,155539,157313,1.1
NL213,Twente,629284,629192,-0.0
NL221,Veluwe,688799,750651,9.0
NL224,Zuidwest-Gelderland,244052,256638,5.2
NL225,Achterhoek,400685,379046,-5.4
NL226,Arnhem/Nijmegen,738436,774397,4.9
NL230,Flevoland,416546,442514,6.2
NL310,Utrecht,1306912,1477933,13.1
NL321,Kop van Noord-Holland,375659,367207,-2.2
NL323,IJmond,197988,205373,3.7
NL324,Agglomeratie Haarlem,235141,252032,7.2
NL325,Zaanstreek,172214,185570,7.8
NL327,Het Gooi en Vechtstreek,254970,273224,7.2
NL328,Alkmaar en omgeving,246730,254346,3.1
NL329,Groot-Amsterdam,1370657,1530442,11.7
NL332,Agglomeratie 's-Gravenhage,872211,993071,13.9
NL333,Delft en Westland,231157,246741,6.7
NL337,Agglomeratie Leiden en Bollenstreek,427217,461444,8.0
NL33A,Zuidoost-Zuid-Holland,405481,415926,2.6
NL33B,Oost-Zuid-Holland,331621,368497,11.1
NL33C,Groot-Rijnmond,1441452,1615673,12.1
NL341,Zeeuwsch-Vlaanderen,105499,98484,-6.6
NL342,Overig Zeeland,277533,275423,-0.8
NL411,West-Noord-Brabant,634030,658166,3.8
NL412,Midden-Noord-Brabant,478957,498858,4.2
NL413,Noordoost-Noord-Brabant,658616,681099,3.4
NL414,Zuidoost-Noord-Brabant,773203,830751,7.4
NL421,Noord-Limburg,282067,272077,-3.5
NL422,Midden-Limburg,236702,225651,-4.7
NL423,Zuid-Limburg,597368,554773,-7.1
NO011,Oslo (statistical region 2016),681067,869262,27.6
NO012,Akershus (statistical region 2016),624055,811862,30.1
NO021,Hedmark (statistical region 2016),197406,213947,8.4
NO022,Oppland (statistical region 2016),189545,198956,5.0
NO031,Østfold (statistical region 2016),297520,354289,19.1
NO032,Buskerud (statistical region 2016),283148,330884,16.9
NO033,Vestfold (statistical region 2016),251084,297656,18.5
NO034,Telemark (statistical region 2016),173318,185860,7.2
NO041,Aust-Agder (statistical region 2016),117655,134804,14.6
NO042,Vest-Agder (statistical region 2016),187589,230751,23.0
NO043,Rogaland (statistical region 2016),475654,567474,19.3
NO051,Hordaland (statistical region 2016),524495,635060,21.1
NO052,Sogn og Fjordane (statistical region 2016),109774,116922,6.5
NO053,Møre og Romsdal (statistical region 2016),267420,303643,13.5
NO060,Trøndelag/Trööndelage,462032,570023,23.4
NO071,Nordland/Nordlánnda,243385,259120,6.5
NO072,Troms/Romsa/Tromssa,167202,191398,14.5
NO073,Finnmark/Finnmárku/Finmarkku,75863,79208,4.4
PL213,Miasto Kraków,766683,745575,-2.8
PL214,Krakowski,725128,776687,7.1
PL217,Tarnowski,452713,425735,-6.0
PL218,Nowosądecki,534399,536192,0.3
PL219,Nowotarski,335414,322912,-3.7
PL21A,Oświęcimski,546208,471857,-13.6
PL224,Częstochowski,510139,408542,-19.9
PL225,Bielski,661228,620441,-6.2
PL227,Rybnicki,622483,540420,-13.2
PL228,Bytomski,431037,365407,-15.2
PL229,Gliwicki,463141,381919,-17.5
PL22A,Katowicki,733268,589581,-19.6
PL22B,Sosnowiecki,675084,514727,-23.8
PL22C,Tyski,392618,372159,-5.2
PL411,Pilski,406147,354888,-12.6
PL414,Koniński,652618,570552,-12.6
PL415,Miasto Poznań,535946,438219,-18.2
PL416,Kaliski,665874,585901,-12.0
PL417,Leszczyński,554079,522128,-5.8
PL418,Poznański,658508,772731,17.3
PL424,Miasto Szczecin,400859,341748,-14.7
PL426,Koszaliński,350291,304223,-13.2
PL427,Szczecinecko-pyrzycki,418331,327170,-21.8
PL428,Szczeciński,506021,446990,-11.7
PL431,Gorzowski,380438,330436,-13.1
PL432,Zielonogórski,622872,534505,-14.2
PL514,Miasto Wrocław,638659,600751,-5.9
PL515,Jeleniogórski,552576,435881,-21.1
PL516,Legnicko-głogowski,442785,373782,-15.6
PL517,Wałbrzyski,641626,495432,-22.8
PL518,Wrocławski,589426,628045,6.6
PL523,Nyski,363713,295031,-18.9
PL524,Opolski,582325,503791,-13.5
PL613,Bydgosko-toruński,771746,700780,-9.2
PL616,Grudziądzki,383322,330536,-13.8
PL617,Inowrocławski,359520,298029,-17.1
PL618,Świecki,185908,163783,-11.9
PL619,Włocławski,354937,282377,-20.4
PL621,Elbląski,517268,429166,-17.0
PL622,Olsztyński,606469,524847,-13.5
PL623,Ełcki,280704,242619,-13.6
PL633,Trójmiejski,745972,689984,-7.5
PL634,Gdański,582378,694730,19.3
PL636,Słupski,328934,293555,-10.8
PL637,Chojnicki,222635,212677,-4.5
PL638,Starogardzki,425158,382714,-10.0
PL711,Miasto Łódź,684915,529073,-22.8
PL712,Łódzki,385629,357893,-7.2
PL713,Piotrkowski,581062,482646,-16.9
PL714,Sieradzki,442739,370615,-16.3
PL715,Skierniewicki,358822,289959,-19.2
PL721,Kielecki,753544,616755,-18.2
PL722,Sandomiersko-jędrzejowski,472699,374018,-20.9
PL811,Bialski,298352,247358,-17.1
PL812,Chełmsko-zamojski,615481,475151,-22.8
PL814,Lubelski,709993,643564,-9.4
PL815,Puławski,473468,380345,-19.7
PL821,Krośnieński,471161,412950,-12.4
PL822,Przemyski,384141,326519,-15.0
PL823,Rzeszowski,631399,652845,3.4
PL824,Tarnobrzeski,599434,527029,-12.1
PL841,Białostocki,505188,485069,-4.0
PL842,Łomżyński,383563,306448,-20.1
PL843,Suwalski,263323,223429,-15.2
PL911,Miasto Warszawa,1775986,1803891,1.6
PL912,Warszawski wschodni,637851,700298,9.8
PL913,Warszawski zachodni,639267,711755,11.3
PL921,Radomski,605972,505249,-16.6
PL922,Ciechanowski,338306,287415,-15.0
PL923,Płocki,325475,268126,-17.6
PL924,Ostrołęcki,381313,331858,-13.0
PL925,Siedlecki,417565,373462,-10.6
PL926,Żyrardowski,258576,238329,-7.8
PT111,Alto Minho,230954,193268,-16.3
PT112,Cávado,403891,364694,-9.7
PT119,Ave,412669,345297,-16.3
PT11A,Área Metropolitana do Porto,1722374,1504998,-12.6
PT11B,Alto Tâmega e Barroso,86466,66415,-23.2
PT11C,Tâmega e Sousa,417268,348949,-16.4
PT11D,Douro,191101,152935,-20.0
PT11E,Terras de Trás-os-Montes,107860,84900,-21.3
PT150,Algarve,438864,440108,0.3
PT16B,Oeste,356785,333788,-6.4
PT16D,Região de Aveiro,362100,329844,-8.9
PT16E,Região de Coimbra,434015,353105,-18.6
PT16F,Região de Leiria,284492,245566,-13.7
PT16G,Viseu Dão Lafões,252220,206400,-18.2
PT16H,Beira Baixa,80782,60649,-24.9
PT16I,Médio Tejo,232849,192824,-17.2
PT16J,Beiras e Serra da Estrela,213326,154227,-27.7
PT170,Área Metropolitana de Lisboa,2846332,3020855,6.1
PT181,Alentejo Litoral,93259,78606,-15.7
PT184,Baixo Alentejo,116557,89470,-23.2
PT185,Lezíria do Tejo,237318,194010,-18.2
PT186,Alto Alentejo,105479,72579,-31.2
PT187,Alentejo Central,152865,109647,-28.3
PT200,Região Autónoma dos Açores,242846,214674,-11.6
PT300,Região Autónoma da Madeira,253945,217539,-14.3
RO111,Bihor,561404,462496,-17.6
RO112,Bistriţa-Năsăud,278851,239541,-14.1
RO113,Cluj,706905,648831,-8.2
RO114,Maramureş,460689,369031,-19.9
RO115,Satu Mare,332572,268087,-19.4
RO116,Sălaj,211691,162140,-23.4
RO121,Alba,325426,245124,-24.7
RO122,Braşov,552193,492769,-10.8
RO123,Covasna,202146,157447,-22.1
RO124,Harghita,302308,239559,-20.8
RO125,Mureş,535193,435814,-18.6
RO126,Sibiu,401006,360869,-10.0
RO211,Bacău,585146,458503,-21.6
RO212,Botoşani,379622,269033,-29.1
RO213,Iaşi,793559,788781,-0.6
RO214,Neamţ,441811,333599,-24.5
RO215,Suceava,624563,572843,-8.3
RO216,Vaslui,373863,292317,-21.8
RO221,Brăila,289537,182482,-37.0
RO222,Buzău,413723,277452,-32.9
RO223,Constanţa,673709,549029,-18.5
RO224,Galaţi,504058,359775,-28.6
RO225,Tulcea,194421,123815,-36.3
RO226,Vrancea,320723,237318,-26.0
RO311,Argeş,579862,420765,-27.4
RO312,Călăraşi,284299,199518,-29.8
RO313,Dâmboviţa,491242,358421,-27.0
RO314,Giurgiu,266194,200230,-24.8
RO315,Ialomiţa,256120,189852,-25.9
RO316,Prahova,717972,513649,-28.5
RO317,Teleorman,334143,191631,-42.7
RO321,Bucureşti,1829897,1408954,-23.0
RO322,Ilfov,485276,707958,45.9
RO411,Dolj,625656,478356,-23.5
RO412,Gorj,315494,210318,-33.3
RO413,Mehedinţi,241262,153140,-36.5
RO414,Olt,394389,252719,-35.9
RO415,Vâlcea,350059,248742,-28.9
RO421,Arad,417422,341676,-18.1
RO422,Caraş-Severin,271292,179109,-34.0
RO423,Hunedoara,383647,253152,-34.0
RO424,Timiş,705113,667992,-5.3
SE110,Stockholms län,2344124,2990792,27.6
SE121,Uppsala län,376354,470701,25.1
SE122,Södermanlands län,294695,339444,15.2
SE123,Östergötlands län,461583,550034,19.2
SE124,Örebro län,302252,361575,19.6
SE125,Västmanlands län,273929,319883,16.8
SE211,Jönköpings län,360825,425625,18.0
SE212,Kronobergs län,199886,232776,16.5
SE213,Kalmar län,244670,271196,10.8
SE214,Gotlands län,59249,64811,9.4
SE221,Blekinge län,159684,178619,11.9
SE224,Skåne län,1362164,1706724,25.3
SE231,Hallands län,329352,399200,21.2
SE232,Västra Götalands län,1709814,2079864,21.6
SE311,Värmlands län,281482,301059,7.0
SE312,Dalarnas län,287191,313348,9.1
SE313,Gävleborgs län,286547,313937,9.6
SE321,Västernorrlands län,245453,250898,2.2
SE322,Jämtlands län,130280,139829,7.3
SE331,Västerbottens län,270154,301434,11.6
SE332,Norrbottens län,250497,242315,-3.3
SI031,Pomurska,114287,98982,-13.4
SI032,Podravska,324104,312473,-3.6
SI033,Koroška,70588,63806,-9.6
SI034,Savinjska,256359,248931,-2.9
SI035,Zasavska,56962,48853,-14.2
SI036,Posavska,75559,70735,-6.4
SI037,Jugovzhodna Slovenija,144032,141795,-1.6
SI038,Primorsko-notranjska,52544,49365,-6.1
SI041,Osrednjeslovenska,549171,586166,6.7
SI042,Gorenjska,204670,199922,-2.3
SI043,Goriška,117616,108610,-7.7
SI044,Obalno-kraška,115016,114113,-0.8
SK010,Bratislavský kraj,659598,776992,17.8
SK021,Trnavský kraj,563591,531641,-5.7
SK022,Trenčiansky kraj,585882,493329,-15.8
SK023,Nitriansky kraj,676672,567822,-16.1
SK031,Žilinský kraj,691368,644070,-6.8
SK032,Banskobystrický kraj,647874,549964,-15.1
SK041,Prešovský kraj,825022,799912,-3.0
SK042,Košický kraj,800414,783485,-2.1
