country,crop,eur_m3,m3,period,source
PT,mixed,39.5,1429343,2023-2025,"ICNF SIMeF, public-forest sales, all species"
PT,oak,95.0,1559,2023-2025,"ICNF SIMeF, public-forest sales"
PT,chestnut,28.5,185,2023-2025,"ICNF SIMeF, public-forest sales"
PT,poplar,45.1,16705,2023-2025,"ICNF SIMeF, public-forest sales"
PT,eucalyptus,37.3,875239,2023-2025,"ICNF SIMeF, public-forest sales"
PT,maritime pine,44.0,367336,2023-2025,"ICNF SIMeF, public-forest sales"
PT,stone pine,22.9,17796,2023-2025,"ICNF SIMeF, public-forest sales"
PT,Scots pine,44.9,8807,2023-2025,"ICNF SIMeF, public-forest sales"
PT,Douglas fir,26.6,26402,2023-2025,"ICNF SIMeF, public-forest sales"
PT,cork oak,43.6,72424,2023-2025,"ICNF SIMeF, public-forest sales"
LV,mixed,47.77,,2024,"LVM annual report, state standing-timber sales"
FR,mixed,90,,2024,"France Bois Forêt indicator 2025, all species"
FR,Douglas fir,89,,2024,"France Bois Forêt indicator 2025, private-forest sawlog sales"
FR,maritime pine,56,,2024,"France Bois Forêt indicator 2025, private-forest sawlog sales"
FR,poplar,73,,2024,"France Bois Forêt indicator 2025, private-forest sawlog sales"
FR,Scots pine,36,,2024,"France Bois Forêt indicator 2025, private-forest sawlog sales"
FR,oak,228,,2024,"France Bois Forêt indicator 2025, private-forest sawlog sales"
FR,chestnut,119,,2024,"France Bois Forêt indicator 2025, private-forest sawlog sales"
