municipality,parish,eur_m2,period,source
Albufeira,Albufeira e Olhos de Água,3389,1.º Trimestre de 2026,INE
Albufeira,Ferreiras,2671,1.º Trimestre de 2026,INE
Albufeira,Guia,3509,1.º Trimestre de 2026,INE
Albufeira,Paderne,2028,1.º Trimestre de 2026,INE
Alcochete,Alcochete,2965,1.º Trimestre de 2026,INE
Alcochete,Samouco,2536,1.º Trimestre de 2026,INE
Alcochete,São Francisco,2801,1.º Trimestre de 2026,INE
Alcoutim,União das freguesias de Alcoutim e Pereiro,994,1.º Trimestre de 2026,INE
Aljezur,Aljezur,3505,1.º Trimestre de 2026,INE
Almada,Costa da Caparica,4426,1.º Trimestre de 2026,INE
Almada,"União das freguesias de Almada, Cova da Piedade, Pragal e Cacilhas",3240,1.º Trimestre de 2026,INE
Almada,União das freguesias de Caparica e Trafaria,3230,1.º Trimestre de 2026,INE
Almada,União das freguesias de Charneca de Caparica e Sobreda,3248,1.º Trimestre de 2026,INE
Almada,União das freguesias de Laranjeiro e Feijó,3017,1.º Trimestre de 2026,INE
Amadora,Alfragide,3248,1.º Trimestre de 2026,INE
Amadora,Encosta do Sol,3032,1.º Trimestre de 2026,INE
Amadora,Falagueira-Venda Nova,3096,1.º Trimestre de 2026,INE
Amadora,Mina de Água,3097,1.º Trimestre de 2026,INE
Amadora,Venteira,3078,1.º Trimestre de 2026,INE
Amadora,Águas Livres,3234,1.º Trimestre de 2026,INE
Arouca,União das freguesias de Arouca e Burgo,1385,1.º Trimestre de 2026,INE
Barcelos,Arcozelo,1826,1.º Trimestre de 2026,INE
Barcelos,Barcelinhos,2266,1.º Trimestre de 2026,INE
Barcelos,Galegos (São Martinho),1704,1.º Trimestre de 2026,INE
Barcelos,"União das freguesias de Barcelos, Vila Boa e Vila Frescainha (São Martinho e São Pedro)",2132,1.º Trimestre de 2026,INE
Barcelos,"União das freguesias de Viatodos, Grimancelos, Minhotães e Monte de Fralães",1475,1.º Trimestre de 2026,INE
Barreiro,Santo António da Charneca,2434,1.º Trimestre de 2026,INE
Barreiro,"União das freguesias de Alto do Seixalinho, Santo André e Verderena",2801,1.º Trimestre de 2026,INE
Barreiro,União das freguesias de Barreiro e Lavradio,2731,1.º Trimestre de 2026,INE
Barreiro,União das freguesias de Palhais e Coina,2074,1.º Trimestre de 2026,INE
Braga,Braga (São Vicente),2226,1.º Trimestre de 2026,INE
Braga,Braga (São Vítor),2168,1.º Trimestre de 2026,INE
Braga,Gualtar,2297,1.º Trimestre de 2026,INE
Braga,Palmeira,1813,1.º Trimestre de 2026,INE
Braga,"União das freguesias de Braga (Maximinos, Sé e Cividade)",2167,1.º Trimestre de 2026,INE
Braga,União das freguesias de Braga (São José de São Lázaro e São João do Souto),2049,1.º Trimestre de 2026,INE
Braga,"União das freguesias de Celeirós, Aveleda e Vimieiro",1785,1.º Trimestre de 2026,INE
Braga,União das freguesias de Este (São Pedro e São Mamede),2458,1.º Trimestre de 2026,INE
Braga,União das freguesias de Ferreiros e Gondizalves,2081,1.º Trimestre de 2026,INE
Braga,União das freguesias de Lomar e Arcos,2022,1.º Trimestre de 2026,INE
Braga,"União das freguesias de Merelim (São Paio), Panoias e Parada de Tibães",1872,1.º Trimestre de 2026,INE
Braga,União das freguesias de Merelim (São Pedro) e Frossos,1492,1.º Trimestre de 2026,INE
Braga,"União das freguesias de Nogueira, Fraião e Lamaçães",2369,1.º Trimestre de 2026,INE
Braga,União das freguesias de Nogueiró e Tenões,2470,1.º Trimestre de 2026,INE
Braga,"União das freguesias de Real, Dume e Semelhe",2120,1.º Trimestre de 2026,INE
Cascais,Alcabideche,4159,1.º Trimestre de 2026,INE
Cascais,São Domingos de Rana,3934,1.º Trimestre de 2026,INE
Cascais,União das freguesias de Carcavelos e Parede,4870,1.º Trimestre de 2026,INE
Cascais,União das freguesias de Cascais e Estoril,5459,1.º Trimestre de 2026,INE
Castro Marim,Altura,3561,1.º Trimestre de 2026,INE
Castro Marim,Castro Marim,2442,1.º Trimestre de 2026,INE
Coimbra,Almalaguês,667,1.º Trimestre de 2026,INE
Coimbra,Ceira,965,1.º Trimestre de 2026,INE
Coimbra,Cernache,1145,1.º Trimestre de 2026,INE
Coimbra,Santo António dos Olivais,2994,1.º Trimestre de 2026,INE
Coimbra,União das freguesias de Assafarge e Antanhol,1663,1.º Trimestre de 2026,INE
Coimbra,"União das freguesias de Coimbra (Sé Nova, Santa Cruz, Almedina e São Bartolomeu)",2670,1.º Trimestre de 2026,INE
Coimbra,União das freguesias de Eiras e São Paulo de Frades,2048,1.º Trimestre de 2026,INE
Coimbra,União das freguesias de Santa Clara e Castelo Viegas,2274,1.º Trimestre de 2026,INE
Coimbra,União das freguesias de Souselas e Botão,751,1.º Trimestre de 2026,INE
Coimbra,União das freguesias de São Martinho do Bispo e Ribeira de Frades,1819,1.º Trimestre de 2026,INE
Coimbra,"União das freguesias de Taveiro, Ameal e Arzila",1125,1.º Trimestre de 2026,INE
Espinho,Espinho,2991,1.º Trimestre de 2026,INE
Espinho,Silvalde,1769,1.º Trimestre de 2026,INE
Espinho,União das freguesias de Anta e Guetim,2537,1.º Trimestre de 2026,INE
Faro,Montenegro,3363,1.º Trimestre de 2026,INE
Faro,Santa Bárbara de Nexe,3676,1.º Trimestre de 2026,INE
Faro,União das freguesias de Conceição e Estoi,2507,1.º Trimestre de 2026,INE
Faro,União das freguesias de Faro (Sé e São Pedro),3075,1.º Trimestre de 2026,INE
Funchal,Funchal (Santa Luzia),2895,1.º Trimestre de 2026,INE
Funchal,Funchal (Santa Maria Maior),2725,1.º Trimestre de 2026,INE
Funchal,Funchal (São Pedro),2963,1.º Trimestre de 2026,INE
Funchal,Funchal (Sé),3851,1.º Trimestre de 2026,INE
Funchal,Imaculado Coração de Maria,2883,1.º Trimestre de 2026,INE
Funchal,Monte,2008,1.º Trimestre de 2026,INE
Funchal,Santo António,2692,1.º Trimestre de 2026,INE
Funchal,São Gonçalo,2759,1.º Trimestre de 2026,INE
Funchal,São Martinho,4195,1.º Trimestre de 2026,INE
Funchal,São Roque,2201,1.º Trimestre de 2026,INE
Gondomar,Baguim do Monte (Rio Tinto),2204,1.º Trimestre de 2026,INE
Gondomar,Rio Tinto,2417,1.º Trimestre de 2026,INE
Gondomar,União das freguesias de Foz do Sousa e Covelo,1611,1.º Trimestre de 2026,INE
Gondomar,União das freguesias de Fânzeres e São Pedro da Cova,2165,1.º Trimestre de 2026,INE
Gondomar,"União das freguesias de Gondomar (São Cosme), Valbom e Jovim",2143,1.º Trimestre de 2026,INE
Guimarães,Azurém,2118,1.º Trimestre de 2026,INE
Guimarães,Caldelas,1761,1.º Trimestre de 2026,INE
Guimarães,Costa,1978,1.º Trimestre de 2026,INE
Guimarães,Creixomil,1887,1.º Trimestre de 2026,INE
Guimarães,Fermentões,1848,1.º Trimestre de 2026,INE
Guimarães,Lordelo,1484,1.º Trimestre de 2026,INE
Guimarães,Mesão Frio,1582,1.º Trimestre de 2026,INE
Guimarães,Ponte,1681,1.º Trimestre de 2026,INE
Guimarães,Ronfe,1495,1.º Trimestre de 2026,INE
Guimarães,Selho (São Jorge),1552,1.º Trimestre de 2026,INE
Guimarães,São Torcato,1481,1.º Trimestre de 2026,INE
Guimarães,União das freguesias de Candoso São Tiago e Mascotelos,2719,1.º Trimestre de 2026,INE
Guimarães,"União das freguesias de Oliveira, São Paio e São Sebastião",1789,1.º Trimestre de 2026,INE
Guimarães,Urgezes,2140,1.º Trimestre de 2026,INE
Lagoa,Ferragudo,3517,1.º Trimestre de 2026,INE
Lagoa,Porches,3544,1.º Trimestre de 2026,INE
Lagoa,União das freguesias de Estômbar e Parchal,3030,1.º Trimestre de 2026,INE
Lagoa,União das freguesias de Lagoa e Carvoeiro,3221,1.º Trimestre de 2026,INE
Lagos,Luz,4252,1.º Trimestre de 2026,INE
Lagos,Odiáxere,3315,1.º Trimestre de 2026,INE
Lagos,São Gonçalo de Lagos,3802,1.º Trimestre de 2026,INE
Lagos,União das freguesias de Bensafrim e Barão de São João,2976,1.º Trimestre de 2026,INE
Leiria,Amor,1367,1.º Trimestre de 2026,INE
Leiria,Caranguejeira,1297,1.º Trimestre de 2026,INE
Leiria,Coimbrão,1691,1.º Trimestre de 2026,INE
Leiria,Maceira,1408,1.º Trimestre de 2026,INE
Leiria,Milagres,1849,1.º Trimestre de 2026,INE
Leiria,União das freguesias de Colmeias e Memória,986,1.º Trimestre de 2026,INE
Leiria,"União das freguesias de Leiria, Pousos, Barreira e Cortes",2202,1.º Trimestre de 2026,INE
Leiria,União das freguesias de Marrazes e Barosa,2010,1.º Trimestre de 2026,INE
Leiria,União das freguesias de Monte Real e Carvide,1239,1.º Trimestre de 2026,INE
Leiria,União das freguesias de Parceiros e Azoia,2170,1.º Trimestre de 2026,INE
Leiria,União das freguesias de Santa Catarina da Serra e Chainça,1000,1.º Trimestre de 2026,INE
Leiria,União das freguesias de Santa Eufémia e Boa Vista,1787,1.º Trimestre de 2026,INE
Leiria,União das freguesias de Souto da Carpalhosa e Ortigosa,1553,1.º Trimestre de 2026,INE
Lisboa,Ajuda,5161,1.º Trimestre de 2026,INE
Lisboa,Alcântara,4938,1.º Trimestre de 2026,INE
Lisboa,Alvalade,5041,1.º Trimestre de 2026,INE
Lisboa,Areeiro,4963,1.º Trimestre de 2026,INE
Lisboa,Arroios,4776,1.º Trimestre de 2026,INE
Lisboa,Avenidas Novas,6000,1.º Trimestre de 2026,INE
Lisboa,Beato,4600,1.º Trimestre de 2026,INE
Lisboa,Belém,5498,1.º Trimestre de 2026,INE
Lisboa,Benfica,4631,1.º Trimestre de 2026,INE
Lisboa,Campo de Ourique,5979,1.º Trimestre de 2026,INE
Lisboa,Campolide,5486,1.º Trimestre de 2026,INE
Lisboa,Carnide,4553,1.º Trimestre de 2026,INE
Lisboa,Estrela,5833,1.º Trimestre de 2026,INE
Lisboa,Lumiar,4670,1.º Trimestre de 2026,INE
Lisboa,Marvila,5008,1.º Trimestre de 2026,INE
Lisboa,Misericórdia,5913,1.º Trimestre de 2026,INE
Lisboa,Olivais,4296,1.º Trimestre de 2026,INE
Lisboa,Parque das Nações,6407,1.º Trimestre de 2026,INE
Lisboa,Penha de França,4465,1.º Trimestre de 2026,INE
Lisboa,Santa Clara,3733,1.º Trimestre de 2026,INE
Lisboa,Santa Maria Maior,5000,1.º Trimestre de 2026,INE
Lisboa,Santo António,6986,1.º Trimestre de 2026,INE
Lisboa,São Domingos de Benfica,5182,1.º Trimestre de 2026,INE
Lisboa,São Vicente,4954,1.º Trimestre de 2026,INE
Loulé,Almancil,5396,1.º Trimestre de 2026,INE
Loulé,Alte,1554,1.º Trimestre de 2026,INE
Loulé,Boliqueime,2852,1.º Trimestre de 2026,INE
Loulé,Loulé (São Clemente),2948,1.º Trimestre de 2026,INE
Loulé,Loulé (São Sebastião),2899,1.º Trimestre de 2026,INE
Loulé,Quarteira,4444,1.º Trimestre de 2026,INE
Loulé,Salir,1258,1.º Trimestre de 2026,INE
Loulé,"União de freguesias de Querença, Tôr e Benafim",1866,1.º Trimestre de 2026,INE
Loures,Bucelas,1547,1.º Trimestre de 2026,INE
Loures,Loures,3372,1.º Trimestre de 2026,INE
Loures,"União das freguesias de Camarate, Unhos e Apelação",2638,1.º Trimestre de 2026,INE
Loures,União das freguesias de Moscavide e Portela,3630,1.º Trimestre de 2026,INE
Loures,União das freguesias de Sacavém e Prior Velho,3651,1.º Trimestre de 2026,INE
Loures,"União das freguesias de Santa Iria de Azoia, São João da Talha e Bobadela",3041,1.º Trimestre de 2026,INE
Loures,União das freguesias de Santo Antão e São Julião do Tojal,2164,1.º Trimestre de 2026,INE
Loures,União das freguesias de Santo António dos Cavaleiros e Frielas,3271,1.º Trimestre de 2026,INE
Mafra,Carvoeira,3745,1.º Trimestre de 2026,INE
Mafra,Encarnação,2809,1.º Trimestre de 2026,INE
Mafra,Ericeira,3995,1.º Trimestre de 2026,INE
Mafra,Mafra,3071,1.º Trimestre de 2026,INE
Mafra,Milharado,2459,1.º Trimestre de 2026,INE
Mafra,Santo Isidoro,3135,1.º Trimestre de 2026,INE
Mafra,União das freguesias de Azueira e Sobral da Abelheira,2217,1.º Trimestre de 2026,INE
Mafra,"União das freguesias de Enxara do Bispo, Gradil e Vila Franca do Rosário",2118,1.º Trimestre de 2026,INE
Mafra,União das freguesias de Igreja Nova e Cheleiros,2678,1.º Trimestre de 2026,INE
Mafra,União das freguesias de Malveira e São Miguel de Alcainça,2584,1.º Trimestre de 2026,INE
Mafra,União das freguesias de Venda do Pinheiro e Santo Estêvão das Galés,2698,1.º Trimestre de 2026,INE
Maia,Castêlo da Maia,2351,1.º Trimestre de 2026,INE
Maia,Cidade da Maia,2597,1.º Trimestre de 2026,INE
Maia,Milheirós,2557,1.º Trimestre de 2026,INE
Maia,Moreira,2447,1.º Trimestre de 2026,INE
Maia,Nogueira e Silva Escura,2256,1.º Trimestre de 2026,INE
Maia,Pedrouços,2413,1.º Trimestre de 2026,INE
Maia,Vila Nova da Telha,2562,1.º Trimestre de 2026,INE
Maia,Águas Santas,2426,1.º Trimestre de 2026,INE
Matosinhos,"União das freguesias de Custóias, Leça do Balio e Guifões",2467,1.º Trimestre de 2026,INE
Matosinhos,União das freguesias de Matosinhos e Leça da Palmeira,3462,1.º Trimestre de 2026,INE
Matosinhos,"União das freguesias de Perafita, Lavra e Santa Cruz do Bispo",2550,1.º Trimestre de 2026,INE
Matosinhos,União das freguesias de São Mamede de Infesta e Senhora da Hora,3116,1.º Trimestre de 2026,INE
Moita,Alhos Vedros,2372,1.º Trimestre de 2026,INE
Moita,Moita,2324,1.º Trimestre de 2026,INE
Moita,União das freguesias de Baixa da Banheira e Vale da Amoreira,2410,1.º Trimestre de 2026,INE
Moita,União das freguesias de Gaio-Rosário e Sarilhos Pequenos,2262,1.º Trimestre de 2026,INE
Monchique,Monchique,1648,1.º Trimestre de 2026,INE
Montijo,União das freguesias de Atalaia e Alto Estanqueiro-Jardia,2527,1.º Trimestre de 2026,INE
Montijo,União das freguesias de Montijo e Afonsoeiro,2652,1.º Trimestre de 2026,INE
Montijo,União das freguesias de Pegões,1925,1.º Trimestre de 2026,INE
Odivelas,Odivelas,3523,1.º Trimestre de 2026,INE
Odivelas,União das freguesias de Pontinha e Famões,3406,1.º Trimestre de 2026,INE
Odivelas,União das freguesias de Póvoa de Santo Adrião e Olival Basto,3222,1.º Trimestre de 2026,INE
Odivelas,União das freguesias de Ramada e Caneças,3466,1.º Trimestre de 2026,INE
Oeiras,Barcarena,3733,1.º Trimestre de 2026,INE
Oeiras,Porto Salvo,4058,1.º Trimestre de 2026,INE
Oeiras,"União das freguesias de Algés, Linda-a-Velha e Cruz Quebrada-Dafundo",4553,1.º Trimestre de 2026,INE
Oeiras,União das freguesias de Carnaxide e Queijas,3988,1.º Trimestre de 2026,INE
Oeiras,"União das freguesias de Oeiras e São Julião da Barra, Paço de Arcos e Caxias",4373,1.º Trimestre de 2026,INE
Olhão,Olhão,2822,1.º Trimestre de 2026,INE
Olhão,Pechão,2734,1.º Trimestre de 2026,INE
Olhão,Quelfes,2543,1.º Trimestre de 2026,INE
Olhão,União das freguesias de Moncarapacho e Fuseta,2815,1.º Trimestre de 2026,INE
Oliveira de Azeméis,Loureiro,1210,1.º Trimestre de 2026,INE
Oliveira de Azeméis,São Roque,1267,1.º Trimestre de 2026,INE
Oliveira de Azeméis,União das freguesias de Nogueira do Cravo e Pindelo,1507,1.º Trimestre de 2026,INE
Oliveira de Azeméis,"União das freguesias de Oliveira de Azeméis, Santiago de Riba-Ul, Ul, Macinhata da Seixa e Madail",1574,1.º Trimestre de 2026,INE
Oliveira de Azeméis,"União das freguesias de Pinheiro da Bemposta, Travanca e Palmaz",1053,1.º Trimestre de 2026,INE
Oliveira de Azeméis,Vila de Cucujães,1418,1.º Trimestre de 2026,INE
Palmela,Palmela,2239,1.º Trimestre de 2026,INE
Palmela,Pinhal Novo,2383,1.º Trimestre de 2026,INE
Palmela,Quinta do Anjo,2500,1.º Trimestre de 2026,INE
Palmela,União das freguesias de Poceirão e Marateca,2390,1.º Trimestre de 2026,INE
Paredes,Baltar,1785,1.º Trimestre de 2026,INE
Paredes,Gandra,1856,1.º Trimestre de 2026,INE
Paredes,Lordelo,1613,1.º Trimestre de 2026,INE
Paredes,Paredes,1621,1.º Trimestre de 2026,INE
Paredes,Rebordosa,1671,1.º Trimestre de 2026,INE
Paredes,Sobreira,1660,1.º Trimestre de 2026,INE
Paredes,Sobrosa,1772,1.º Trimestre de 2026,INE
Paredes,Vilela,1171,1.º Trimestre de 2026,INE
Portimão,Alvor,3219,1.º Trimestre de 2026,INE
Portimão,Mexilhoeira Grande,2641,1.º Trimestre de 2026,INE
Portimão,Portimão,3124,1.º Trimestre de 2026,INE
Porto,Bonfim,3293,1.º Trimestre de 2026,INE
Porto,Campanhã,2695,1.º Trimestre de 2026,INE
Porto,Paranhos,3424,1.º Trimestre de 2026,INE
Porto,Ramalde,3332,1.º Trimestre de 2026,INE
Porto,"União das freguesias de Aldoar, Foz do Douro e Nevogilde",4252,1.º Trimestre de 2026,INE
Porto,"União das freguesias de Cedofeita, Santo Ildefonso, Sé, Miragaia, São Nicolau e Vitória",3982,1.º Trimestre de 2026,INE
Porto,União das freguesias de Lordelo do Ouro e Massarelos,3644,1.º Trimestre de 2026,INE
Póvoa de Varzim,"União das freguesias da Póvoa de Varzim, Beiriz e Argivai",2391,1.º Trimestre de 2026,INE
Póvoa de Varzim,União das freguesias de Aguçadoura e Navais,1801,1.º Trimestre de 2026,INE
Póvoa de Varzim,"União das freguesias de Aver-o-Mar, Amorim e Terroso",2428,1.º Trimestre de 2026,INE
Santa Maria da Feira,Argoncilhe,2127,1.º Trimestre de 2026,INE
Santa Maria da Feira,Arrifana,1619,1.º Trimestre de 2026,INE
Santa Maria da Feira,Escapães,1661,1.º Trimestre de 2026,INE
Santa Maria da Feira,Fiães,1429,1.º Trimestre de 2026,INE
Santa Maria da Feira,Lourosa,1768,1.º Trimestre de 2026,INE
Santa Maria da Feira,Milheirós de Poiares,1369,1.º Trimestre de 2026,INE
Santa Maria da Feira,Mozelos,1717,1.º Trimestre de 2026,INE
Santa Maria da Feira,Nogueira da Regedoura,1856,1.º Trimestre de 2026,INE
Santa Maria da Feira,Paços de Brandão,1497,1.º Trimestre de 2026,INE
Santa Maria da Feira,Rio Meão,1563,1.º Trimestre de 2026,INE
Santa Maria da Feira,Santa Maria de Lamas,1710,1.º Trimestre de 2026,INE
Santa Maria da Feira,São João de Ver,1774,1.º Trimestre de 2026,INE
Santa Maria da Feira,União das freguesias de Caldas de São Jorge e Pigeiros,1309,1.º Trimestre de 2026,INE
Santa Maria da Feira,"União das freguesias de Canedo, Vale e Vila Maior",1601,1.º Trimestre de 2026,INE
Santa Maria da Feira,"União das freguesias de Lobão, Gião, Louredo e Guisande",1476,1.º Trimestre de 2026,INE
Santa Maria da Feira,"União das freguesias de Santa Maria da Feira, Travanca, Sanfins e Espargo",1821,1.º Trimestre de 2026,INE
Santa Maria da Feira,União de freguesias de São Miguel de Souto e Mosteirô,1525,1.º Trimestre de 2026,INE
Santo Tirso,Aves,1645,1.º Trimestre de 2026,INE
Santo Tirso,Monte Córdova,1333,1.º Trimestre de 2026,INE
Santo Tirso,Rebordões,1774,1.º Trimestre de 2026,INE
Santo Tirso,"União das freguesias de Areias, Sequeiró, Lama e Palmeira",1545,1.º Trimestre de 2026,INE
Santo Tirso,"União das freguesias de Santo Tirso, Couto (Santa Cristina e São Miguel) e Burgães",1959,1.º Trimestre de 2026,INE
Santo Tirso,Vila Nova do Campo,1511,1.º Trimestre de 2026,INE
Seixal,Amora,2645,1.º Trimestre de 2026,INE
Seixal,Corroios,2898,1.º Trimestre de 2026,INE
Seixal,Fernão Ferro,2815,1.º Trimestre de 2026,INE
Seixal,"União das freguesias do Seixal, Arrentela e Aldeia de Paio Pires",2889,1.º Trimestre de 2026,INE
Sesimbra,Quinta do Conde,2847,1.º Trimestre de 2026,INE
Sesimbra,Sesimbra (Castelo),2748,1.º Trimestre de 2026,INE
Sesimbra,Sesimbra (Santiago),4127,1.º Trimestre de 2026,INE
Setúbal,Gâmbia-Pontes-Alto da Guerra,2739,1.º Trimestre de 2026,INE
Setúbal,Setúbal (São Sebastião),2447,1.º Trimestre de 2026,INE
Setúbal,União das freguesias de Azeitão (São Lourenço e São Simão),2836,1.º Trimestre de 2026,INE
Setúbal,"União das freguesias de Setúbal (São Julião, Nossa Senhora da Anunciada e Santa Maria da Graça)",2847,1.º Trimestre de 2026,INE
Silves,Armação de Pêra,3534,1.º Trimestre de 2026,INE
Silves,Silves,2580,1.º Trimestre de 2026,INE
Silves,São Bartolomeu de Messines,1963,1.º Trimestre de 2026,INE
Silves,São Marcos da Serra,1088,1.º Trimestre de 2026,INE
Silves,União das freguesias de Alcantarilha e Pêra,2853,1.º Trimestre de 2026,INE
Silves,União das freguesias de Algoz e Tunes,2408,1.º Trimestre de 2026,INE
Sintra,Algueirão-Mem Martins,2763,1.º Trimestre de 2026,INE
Sintra,Casal de Cambra,3006,1.º Trimestre de 2026,INE
Sintra,Colares,3728,1.º Trimestre de 2026,INE
Sintra,Rio de Mouro,2818,1.º Trimestre de 2026,INE
Sintra,União das freguesias de Agualva e Mira-Sintra,2848,1.º Trimestre de 2026,INE
Sintra,"União das freguesias de Almargem do Bispo, Pêro Pinheiro e Montelavar",2442,1.º Trimestre de 2026,INE
Sintra,União das freguesias de Massamá e Monte Abraão,2921,1.º Trimestre de 2026,INE
Sintra,União das freguesias de Queluz e Belas,3013,1.º Trimestre de 2026,INE
Sintra,"União das freguesias de Sintra (Santa Maria e São Miguel, São Martinho e São Pedro de Penaferrim)",3465,1.º Trimestre de 2026,INE
Sintra,União das freguesias de São João das Lampas e Terrugem,2655,1.º Trimestre de 2026,INE
Sintra,União das freguesias do Cacém e São Marcos,2995,1.º Trimestre de 2026,INE
São Brás de Alportel,São Brás de Alportel,2381,1.º Trimestre de 2026,INE
São João da Madeira,São João da Madeira,1836,1.º Trimestre de 2026,INE
Tavira,Santa Catarina da Fonte do Bispo,2308,1.º Trimestre de 2026,INE
Tavira,Santa Luzia,3801,1.º Trimestre de 2026,INE
Tavira,União das freguesias de Conceição e Cabanas de Tavira,3228,1.º Trimestre de 2026,INE
Tavira,União das freguesias de Luz de Tavira e Santo Estêvão,2535,1.º Trimestre de 2026,INE
Tavira,União das freguesias de Tavira (Santa Maria e Santiago),3118,1.º Trimestre de 2026,INE
Trofa,União das freguesias de Bougado (São Martinho e Santiago),1854,1.º Trimestre de 2026,INE
Trofa,União das freguesias de Coronado (São Romão e São Mamede),1894,1.º Trimestre de 2026,INE
Vale de Cambra,Macieira de Cambra,1338,1.º Trimestre de 2026,INE
Vale de Cambra,São Pedro de Castelões,1444,1.º Trimestre de 2026,INE
Valongo,Alfena,2098,1.º Trimestre de 2026,INE
Valongo,Ermesinde,2271,1.º Trimestre de 2026,INE
Valongo,União das freguesias de Campo e Sobrado,1938,1.º Trimestre de 2026,INE
Valongo,Valongo,2234,1.º Trimestre de 2026,INE
Vila Franca de Xira,"União das freguesias de Alhandra, São João dos Montes e Calhandriz",2405,1.º Trimestre de 2026,INE
Vila Franca de Xira,União das freguesias de Alverca do Ribatejo e Sobralinho,2844,1.º Trimestre de 2026,INE
Vila Franca de Xira,União das freguesias de Castanheira do Ribatejo e Cachoeiras,2333,1.º Trimestre de 2026,INE
Vila Franca de Xira,União das freguesias de Póvoa de Santa Iria e Forte da Casa,3015,1.º Trimestre de 2026,INE
Vila Franca de Xira,Vialonga,2835,1.º Trimestre de 2026,INE
Vila Franca de Xira,Vila Franca de Xira,2653,1.º Trimestre de 2026,INE
Vila Nova de Famalicão,Bairro,1549,1.º Trimestre de 2026,INE
Vila Nova de Famalicão,Delães,1685,1.º Trimestre de 2026,INE
Vila Nova de Famalicão,Gavião,1846,1.º Trimestre de 2026,INE
Vila Nova de Famalicão,Joane,1520,1.º Trimestre de 2026,INE
Vila Nova de Famalicão,Lousado,1760,1.º Trimestre de 2026,INE
Vila Nova de Famalicão,Nine,1925,1.º Trimestre de 2026,INE
Vila Nova de Famalicão,Oliveira (Santa Maria),1412,1.º Trimestre de 2026,INE
Vila Nova de Famalicão,Requião,1641,1.º Trimestre de 2026,INE
Vila Nova de Famalicão,Riba de Ave,1515,1.º Trimestre de 2026,INE
Vila Nova de Famalicão,Ribeirão,1803,1.º Trimestre de 2026,INE
Vila Nova de Famalicão,União das freguesias de Antas e Abade de Vermoim,2093,1.º Trimestre de 2026,INE
Vila Nova de Famalicão,União das freguesias de Arnoso (Santa Maria e Santa Eulália) e Sezures,1639,1.º Trimestre de 2026,INE
Vila Nova de Famalicão,União das freguesias de Esmeriz e Cabeçudos,1675,1.º Trimestre de 2026,INE
Vila Nova de Famalicão,"União das freguesias de Gondifelos, Cavalões e Outiz",1705,1.º Trimestre de 2026,INE
Vila Nova de Famalicão,"União das freguesias de Lemenhe, Mouquim e Jesufrei",1843,1.º Trimestre de 2026,INE
Vila Nova de Famalicão,"União das freguesias de Vale (São Cosme), Telhado e Portela",1497,1.º Trimestre de 2026,INE
Vila Nova de Famalicão,União das freguesias de Vila Nova de Famalicão e Calendário,2020,1.º Trimestre de 2026,INE
Vila Nova de Gaia,Arcozelo,2411,1.º Trimestre de 2026,INE
Vila Nova de Gaia,Avintes,2185,1.º Trimestre de 2026,INE
Vila Nova de Gaia,Canelas,2176,1.º Trimestre de 2026,INE
Vila Nova de Gaia,Canidelo,3262,1.º Trimestre de 2026,INE
Vila Nova de Gaia,Madalena,2719,1.º Trimestre de 2026,INE
Vila Nova de Gaia,Oliveira do Douro,2588,1.º Trimestre de 2026,INE
Vila Nova de Gaia,São Félix da Marinha,2344,1.º Trimestre de 2026,INE
Vila Nova de Gaia,União das freguesias de Grijó e Sermonde,1949,1.º Trimestre de 2026,INE
Vila Nova de Gaia,União das freguesias de Gulpilhares e Valadares,2340,1.º Trimestre de 2026,INE
Vila Nova de Gaia,União das freguesias de Mafamude e Vilar do Paraíso,2621,1.º Trimestre de 2026,INE
Vila Nova de Gaia,União das freguesias de Pedroso e Seixezelo,2020,1.º Trimestre de 2026,INE
Vila Nova de Gaia,"União das freguesias de Sandim, Olival, Lever e Crestuma",1907,1.º Trimestre de 2026,INE
Vila Nova de Gaia,União das freguesias de Santa Marinha e São Pedro da Afurada,2791,1.º Trimestre de 2026,INE
Vila Nova de Gaia,União das freguesias de Serzedo e Perosinho,1970,1.º Trimestre de 2026,INE
Vila Nova de Gaia,Vilar de Andorinho,2160,1.º Trimestre de 2026,INE
Vila Real de Santo António,Monte Gordo,3625,1.º Trimestre de 2026,INE
Vila Real de Santo António,Vila Nova de Cacela,3176,1.º Trimestre de 2026,INE
Vila Real de Santo António,Vila Real de Santo António,2617,1.º Trimestre de 2026,INE
Vila do Bispo,Budens,3180,1.º Trimestre de 2026,INE
Vila do Conde,Azurara,1920,1.º Trimestre de 2026,INE
Vila do Conde,Labruge,2526,1.º Trimestre de 2026,INE
Vila do Conde,Macieira da Maia,1894,1.º Trimestre de 2026,INE
Vila do Conde,Mindelo,2260,1.º Trimestre de 2026,INE
Vila do Conde,União das freguesias de Touguinha e Touguinhó,2004,1.º Trimestre de 2026,INE
Vila do Conde,Vila Chã,2260,1.º Trimestre de 2026,INE
Vila do Conde,Vila do Conde,2523,1.º Trimestre de 2026,INE
Vila do Conde,Árvore,2370,1.º Trimestre de 2026,INE
