country,kind,lat,lon,name
BE,airport,50.4636,4.4595,Aéroport de Charleroi-Bruxelles-Sud
BE,airport,50.6382,5.445,Aéroport de Liège-Bierset
BE,airport,50.8185,3.208,Internationale Luchthaven Kortrijk-Wevelgem
BE,airport,50.9009,4.4858,Brussels Airport
BE,airport,51.189,4.4631,Internationale Luchthaven Antwerpen
BE,airport,51.2003,2.874,Internationale luchthaven Oostende–Brugge
CY,airport,34.718,32.4886,Διεθνής Αερολιμένας Πάφου
CY,airport,34.8703,33.6185,Διεθνής Αερολιμένας Λάρνακας - Γλαύκος Κληρίδης
CY,airport,35.1517,33.5106,Ercan Uluslararası Havalimanı
CY,airport,35.1522,33.2768,Διεθνές Αεροδρόμιο Λευκωσίας - Lefkoşa Uluslararası Havalimanı
CY,airport,35.2346,33.724,Geçitkale Havaalanı
DE,airport,47.6714,9.5119,Flughafen Friedrichshafen
DE,airport,47.9889,10.2397,Allgäu Airport Memmingen
DE,airport,48.0833,11.2862,Sonderflughafen Oberpfaffenhofen
DE,airport,48.3537,11.786,Flughafen München
DE,airport,48.3675,7.8267,Flughafen Lahr
DE,airport,48.424,10.932,Flughafen Augsburg
DE,airport,48.6885,9.2205,Flughafen Stuttgart
DE,airport,48.7786,8.0812,Flughafen Karlsruhe/Baden-Baden
DE,airport,49.2094,7.3996,Flughafen Zweibrücken
DE,airport,49.2166,7.1095,Flughafen Saarbrücken
DE,airport,49.4414,7.6,Ramstein Air Base
DE,airport,49.4721,10.3865,Illesheim Army Heliport
DE,airport,49.4746,8.5138,City-Airport Mannheim
DE,airport,49.4982,11.0777,Albrecht-Dürer-Airport Nürnberg
DE,airport,49.6505,9.9651,Verkehrslandeplatz Giebelstadt
DE,airport,49.7437,10.2068,Sonderlandeplatz Kitzingen
DE,airport,49.7938,11.1311,Verkehrslandeplatz Burg Feuerstein
DE,airport,49.9447,7.262,Hahn Airport
DE,airport,49.9794,6.6981,Spangdahlem Airbase
DE,airport,49.9855,11.6405,Verkehrslandeplatz Bayreuth
DE,airport,50.0244,8.5448,Flughafen Frankfurt am Main
DE,airport,50.049,8.3253,Wiesbaden Army Airfield
DE,airport,50.2884,11.8541,Verkehrslandeplatz Hof-Plauen
DE,airport,50.7077,8.0833,Siegerlandflughafen
DE,airport,50.8679,7.142,Flughafen Köln/Bonn
DE,airport,50.9616,6.0421,NATO E-3A Airbase Geilenkirchen
DE,airport,50.9792,10.9578,Flughafen Erfurt-Weimar
DE,airport,50.9834,12.5084,Leipzig-Altenburg Airport
DE,airport,51.1167,9.2881,Heeresflugplatz Fritzlar
DE,airport,51.1343,13.7693,Flughafen Dresden
DE,airport,51.2312,6.5014,Flughafen Düsseldorf Mönchengladbach
DE,airport,51.2871,6.7684,Düsseldorf Airport
DE,airport,51.2932,13.3572,Verkehrslandeplatz Riesa-Göhlis
DE,airport,51.4028,6.938,Flughafen Essen-Mülheim
DE,airport,51.4196,9.3924,Flughafen Kassel
DE,airport,51.4211,12.2365,Flughafen Leipzig/Halle
DE,airport,51.517,7.6131,Flughafen Dortmund
DE,airport,51.6031,6.1431,Flughafen Weeze/Niederrhein
DE,airport,51.6145,8.6175,Paderborn/Lippstadt
DE,airport,51.856,11.4166,Magdeburg Cochstedt
DE,airport,52.1341,7.6838,Flughafen Münster/Osnabrück
DE,airport,52.3192,10.5593,Forschungsflughafen Braunschweig-Wolfsburg
DE,airport,52.3659,13.4969,Flughafen Berlin Brandenburg
DE,airport,52.4615,9.6801,Flughafen Hannover-Langenhagen
DE,airport,53.0453,8.7871,Flughafen Bremen
DE,airport,53.305,12.7517,Müritz Airpark
DE,airport,53.5014,8.0529,JadeWeserAirport
DE,airport,53.6044,13.3057,Flughafen Neubrandenburg-Trollenhagen
DE,airport,53.6363,9.9828,Hamburg Airport Helmut Schmidt
DE,airport,53.7722,8.6558,Fliegerhorst Nordholz
DE,airport,53.8046,10.7171,Flughafen Lübeck-Blankensee
DE,airport,53.8785,14.1519,Flughafen Heringsdorf
DE,airport,53.9191,12.2802,Rostock-Laage Airport
DE,airport,53.9934,9.5731,Hungriger Wolf
DE,airport,54.309,8.6866,Verkehrslandeplatz St. Peter Ording
DE,airport,54.3396,12.7103,Ostseeflughafen Stralsund-Barth
DE,airport,54.3798,10.1447,Flughafen Kiel-Holtenau
DE,airport,54.4622,9.5163,Fliegerhorst Jagel
DE,airport,54.911,8.3408,Flughafen Sylt
ES,airport,27.8144,-17.8873,Aeropuerto de El Hierro
ES,airport,27.9294,-15.3864,Aeropuerto de Gran Canaria
ES,airport,27.934,-15.3791,Base Aérea de Gando
ES,airport,28.0305,-17.2144,Aeropuerto de La Gomera
ES,airport,28.0461,-16.5742,Aeropuerto de Tenerife Sur - Reina Sofia
ES,airport,28.4473,-13.8659,Aeropuerto de Fuerteventura
ES,airport,28.4829,-16.343,Aeropuerto de Tenerife Norte - Los Rodeos
ES,airport,28.6267,-17.7552,Aeropuerto de La Palma
ES,airport,28.9456,-13.6075,Aeropuerto César Manrique Lanzarote
ES,airport,35.2801,-2.9564,Aeropuerto de Melilla
ES,airport,36.6438,-6.3487,Aeropuerto de la Base Naval de Rota
ES,airport,36.6784,-4.4958,Aeropuerto de Málaga - Costa del Sol
ES,airport,36.7441,-6.0619,Aeropuerto Internacional de Jerez La Parra
ES,airport,36.8441,-2.3698,Aeropuerto de Almería - Antonio de Torres
ES,airport,37.1684,-5.6054,Base Aérea de Morón
ES,airport,37.1869,-3.7809,Aeropuerto de Granada - Federico García Lorca
ES,airport,37.4176,-5.895,Aeropuerto internacional de Sevilla - San Pablo
ES,airport,37.8033,-1.1255,Aeropuerto Internacional de la Región de Murcia
ES,airport,37.8433,-4.8486,Aeropuerto de Córdoba
ES,airport,38.2844,-0.5605,Aeropuerto de Alicante-Elche Miguel Hernández
ES,airport,38.8588,-3.9725,Aeropuerto de Ciudad Real
ES,airport,38.8731,1.3725,Aeroport d'Eivissa - es Codolar
ES,airport,38.8912,-6.8212,Aeropuerto de Badajoz
ES,airport,38.945,-1.8799,Aeropuerto de Albacete
ES,airport,39.4882,-0.4826,Aeropuerto Internacional de Valencia
ES,airport,39.5532,2.7378,Aeroport de Palma - Son Sant Joan
ES,airport,39.863,4.2209,Aeroport de Menorca
ES,airport,40.2127,0.0717,Aeroport de Castelló-Costa Azahar
ES,airport,40.4121,-1.2285,Plataforma Aeroportuaria - Teruel
ES,airport,40.4889,-3.4476,Base Aérea de Torrejón
ES,airport,40.495,-3.5619,Aeropuerto Adolfo Suárez Madrid-Barajas
ES,airport,40.9513,-5.5017,Aeropuerto de Salamanca
ES,airport,41.1471,1.1685,Aeroport de Reus
ES,airport,41.2969,2.0827,Aeroport Barcelona - el Prat Josep Tarradellas
ES,airport,41.663,-1.0488,Aeropuerto de Zaragoza
ES,airport,41.7066,-4.8516,Aeropuerto de Valladolid
ES,airport,41.7282,0.5353,Aeroport Lleida-Alguaire
ES,airport,41.9073,2.7626,Aeroport de Girona - Costa Brava
ES,airport,42.0773,-0.3202,Aeropuerto Huesca-Pirineos
ES,airport,42.2329,-8.6285,Aeroporto de Vigo
ES,airport,42.341,1.4091,Aeroport Andorra - la Seu d'Urgell
ES,airport,42.3576,-3.619,Aeropuerto de Burgos
ES,airport,42.4608,-2.3198,Aeropuerto de Logroño-Agoncillo
ES,airport,42.5906,-5.6444,Aeropuerto de León
ES,airport,42.5923,-5.6496,Base Aerea de León
ES,airport,42.771,-1.6459,Iruñea-Noain aireportua
ES,airport,42.8831,-2.7275,Gasteizko aireportua
ES,airport,42.8977,-8.4175,Aeroporto de Santiago - Rosalía de Castro
ES,airport,43.3003,-8.3789,Aeroporto da Coruña
ES,airport,43.3017,-2.9151,Bilboko aireportua
ES,airport,43.3565,-1.7908,Donostiako aireportua
ES,airport,43.4269,-3.8205,Aeropuerto de Santander-Seve Ballesteros
ES,airport,43.5616,-6.0331,Aeropuerto de Asturias
FR,airport,-23.8858,-147.665,Raivavae
FR,airport,-23.3643,-149.5227,Tubuai – Mataura Airport
FR,airport,-22.6383,-152.8053,Rimatara
FR,airport,-22.5897,167.4505,Aéroport de Moué - Île des Pins
FR,airport,-22.2577,166.4723,Nouméa Magenta Airport
FR,airport,-22.0149,166.2139,Aéroport de Nouméa - La Tontouta
FR,airport,-21.4821,168.0364,Aéroport de La Roche Maré
FR,airport,-21.3188,55.4231,Aéroport de Saint-Pierre - Pierrefonds
FR,airport,-21.3164,164.999,Piste ULM Muéo
FR,airport,-21.096,167.8037,Aérogare de Tiga
FR,airport,-20.8901,55.5196,Aéroport de la Réunion Roland-Garros
FR,airport,-20.79,165.259,Touho Airport
FR,airport,-20.7805,-138.5681,Tureia Airport
FR,airport,-20.641,166.5731,Aérogare d'Ouvéa
FR,airport,-19.7206,163.661,Île Art - Waala Airport
FR,airport,-19.2844,-138.772,Nukutavake Airport
FR,airport,-18.7806,-138.8559,Vahitahi Airport
FR,airport,-18.4659,-136.44,Reao Airport
FR,airport,-18.2956,-137.017,Pukarua Airport
FR,airport,-18.0748,-140.946,Aéroport de Hao
FR,airport,-17.5541,-149.6069,Aéroport international de Tahiti-Faa'a
FR,airport,-17.4898,-149.7613,Moorea-Temae
FR,airport,-17.3553,-138.445,Tatakoto Airport
FR,airport,-17.0163,-149.5898,Tetiaroa Airport
FR,airport,-16.7234,-151.4659,Aéroport de Raiatea
FR,airport,-16.6879,-151.0208,Aéroport de Huahine
FR,airport,-16.6869,-145.3293,Faaite Airport
FR,airport,-16.5839,-143.658,Makemo Airport
FR,airport,-16.4443,-151.7519,Bora Bora Airport
FR,airport,-16.4265,-152.2435,Aéroport de Maupiti
FR,airport,-16.3402,-144.4076,Katiu Airport
FR,airport,-16.2427,-151.8338,Tūpai Airport
FR,airport,-16.1197,-146.3684,Niau Airport
FR,airport,-16.054,-145.6564,Fakarava Airport
FR,airport,-15.9916,-140.1647,Fakahina Airport
FR,airport,-15.7822,-145.1241,Kauehi Airport
FR,airport,-15.6632,-146.8843,Kaukura Airport
FR,airport,-15.5754,-146.4131,Apataki Airport
FR,airport,-15.4861,-145.4699,Aratika Nord Airport
FR,airport,-15.12,-148.2328,Aéroport de Tikehau
FR,airport,-14.9543,-147.661,Rangiroa Airport
FR,airport,-14.8723,-148.7135,Mataiva Airport
FR,airport,-14.8096,-138.8125,Puka Puka Airport
FR,airport,-14.7092,-145.2448,Takapoto Airport
FR,airport,-14.4564,-145.0247,Takaroa Airport
FR,airport,-14.4346,-146.0675,Manihi Airport
FR,airport,-14.4283,-146.2558,Ahe Airport
FR,airport,-14.3117,-178.0665,Aéroport de Pointe Vele
FR,airport,-14.1768,-141.267,Napuka Island Airport
FR,airport,-13.2396,-176.1998,Aéroport de Wallis-Hihifo
FR,airport,-12.8091,45.282,Aéroport International Marcel Henry
FR,airport,-9.3476,-140.08,Ua Pou
FR,airport,-8.9361,-139.554,Ua Huka
FR,airport,3.615,-53.2033,Aéroport de Saül
FR,airport,3.8976,-51.804,Saint-Georges-de-l'Oyapock Airport
FR,airport,4.2846,-54.3775,Aéroport de Grand-Santi
FR,airport,4.3134,-52.1327,Aéroport de Régina
FR,airport,4.8206,-52.3618,Aéroport de Cayenne - Félix Éboué
FR,airport,14.5907,-61.0051,Aéroport International Martinique Aimé Césaire
FR,airport,15.8645,-61.5804,"Aéroport de Terre de Haut, Les Saintes"
FR,airport,16.2658,-61.5314,Aéroport Guadeloupe - Maryse Condé
FR,airport,17.9043,-62.8441,Aéroport de Saint-Barthélemy-Rémy de Haenen
FR,airport,18.1001,-63.0471,Aéroport Saint-Martin-Grand-Case
FR,airport,41.5034,9.0979,Figari - Sud Corse
FR,airport,41.9215,8.7983,Aéroport Napoléon Bonaparte
FR,airport,41.9239,9.4011,Base aérienne 126 Solenzara
FR,airport,42.5299,8.7922,Aéroport de Calvi Sainte-Catherine
FR,airport,42.5546,9.4823,Aéroport international de Bastia-Poretta
FR,airport,42.7428,2.8695,Aéroport de Perpignan - Rivesaltes Méditerranée
FR,airport,43.0962,6.1499,Aéroport de Toulon-Hyères
FR,airport,43.1793,-0.003,Aéroport International de Tarbes-Lourdes-Pyrénées
FR,airport,43.2059,6.4818,Aéroport International Saint-Tropez - La Môle
FR,airport,43.216,2.3065,Aéroport de Carcassonne-Salvaza
FR,airport,43.3227,3.3543,Aéroport de Béziers - Cap d'Agde en Languedoc
FR,airport,43.3791,-0.4202,Aéroport de Pau Pyrénées
FR,airport,43.4376,5.2136,Aéroport de Marseille Provence
FR,airport,43.4692,-1.5231,Aéroport de Biarritz-Pays Basque
FR,airport,43.5479,6.955,Aéroport de Cannes-Mandelieu
FR,airport,43.5562,2.2908,Aéroport de Castres-Mazamet
FR,airport,43.5798,3.9666,Aéroport de Montpellier - Méditerranée
FR,airport,43.63,1.3636,Aéroport de Toulouse-Blagnac
FR,airport,43.6598,7.2152,Aéroport de Nice-Côte d'Azur
FR,airport,43.7585,4.4154,Aéroport de Nîmes-Grande Provence Méditerranée
FR,airport,43.9065,4.9011,Aéroport Avignon Provence
FR,airport,44.4077,2.4819,Aéroport Rodez-Aveyron
FR,airport,44.8251,0.5188,Aéroport de Bergerac-Dordogne-Périgord
FR,airport,44.8294,-0.7155,Aéroport de Bordeaux-Mérignac
FR,airport,44.8914,2.4221,Aéroport d'Aurillac
FR,airport,45.04,1.4847,Aéroport de Brive-Souillac
FR,airport,45.0876,6.0836,Altiport de l'Alpe d'Huez
FR,airport,45.3624,5.33,Aéroport de Grenoble Alpes Isère
FR,airport,45.3971,6.635,Altiport de Courchevel
FR,airport,45.4077,6.5781,Altiport de Méribel
FR,airport,45.5404,4.2952,Aéroport de Saint-Étienne-Loire
FR,airport,45.6377,5.8811,Aéroport Chambéry Savoie
FR,airport,45.6578,-0.3132,Base aérienne 709 Cognac Châteaubernard
FR,airport,45.7245,5.0873,Aéroport Lyon Saint-Exupéry
FR,airport,45.728,4.9422,Aéroport de Lyon-Bron
FR,airport,45.729,0.2196,Aéroport d'Angoulême Cognac
FR,airport,45.7856,3.1729,Aéroport de Clermont-Ferrand Auvergne
FR,airport,45.8228,6.6494,Altiport de Megève
FR,airport,45.863,1.1823,Aéroport International de Limoges-Bellegarde
FR,airport,45.8899,-0.9823,Aéroport de Rochefort - Charente-Maritime
FR,airport,45.9291,6.0992,Aéroport Annecy Haute-Savoie Mont Blanc
FR,airport,46.1776,-1.1967,Aéroport de La Rochelle - Île de Ré
FR,airport,46.2231,2.3623,Aéroport de Montluçon - Guéret
FR,airport,46.4123,4.017,Aéroport de Saint-Yan
FR,airport,46.5892,0.3079,Poitiers-Biard
FR,airport,46.7627,-56.1756,Aéroport de Saint-Pierre
FR,airport,46.8639,1.7311,Aéroport de Châteauroux-Centre
FR,airport,47.0417,5.4294,Aéroport de Dole-Jura
FR,airport,47.0597,2.3708,Aéroport de Bourges
FR,airport,47.1519,-1.6104,Aéroport Nantes-Atlantique
FR,airport,47.2667,5.0845,Aéroport de Dijon-Bourgogne
FR,airport,47.3125,-2.1468,Aéroport de Saint-Nazaire Montoir
FR,airport,47.4332,0.7164,Base aérienne 705 Tours
FR,airport,47.4343,0.7269,Aéroport Tours Val de Loire
FR,airport,47.5598,-0.3142,Aéroport d'Angers-Loire
FR,airport,47.6032,7.5251,EuroAirport Bâle-Mulhouse-Fribourg
FR,airport,47.7242,-2.7213,Aéroport de Vannes - Golfe du Morbihan
FR,airport,47.7605,-3.4431,Base d'aéronautique navale de Lann-Bihoué
FR,airport,47.8994,2.1663,Aéroport du Loiret - Orléans - Saint-Denis-de-l'Hôtel
FR,airport,47.9471,0.1999,Aéroport Le Mans-Arnage
FR,airport,47.9713,-4.1702,Aéroport de Quimper-Cornouaille
FR,airport,48.0321,-0.7442,Aéroport de Laval - Entrammes
FR,airport,48.0689,-1.7321,Rennes Aéroport Bretagne
FR,airport,48.1088,7.3595,Aéroport de Colmar-Houssen
FR,airport,48.324,6.0687,Aéroport d'Épinal-Mirecourt
FR,airport,48.4479,-4.4187,Aéroport de Brest-Bretagne
FR,airport,48.5282,-4.1463,Base d'aéronautique navale de Landivisiau
FR,airport,48.5389,7.6261,Aéroport International Strasbourg-Entzheim
FR,airport,48.539,-2.8543,Aéroport de Saint-Brieuc-Armor
FR,airport,48.5884,-2.0805,Aéroport de Dinard - Pleurtuit - Saint-Malo
FR,airport,48.6029,-3.8163,Aéroport de Morlaix Ploujean
FR,airport,48.6927,6.2302,Aéropôle Grand Nancy Tomblaine
FR,airport,48.7301,2.3588,Aéroport de Paris-Orly
FR,airport,48.7548,-3.4719,Aéroport de Lannion
FR,airport,48.7703,2.1992,Base aérienne 107 Villacoublay - Sous-lieutenant René Dorme
FR,airport,48.7762,4.1809,XCR Airport
FR,airport,48.9588,2.4391,Aéroport de Paris - Le Bourget
FR,airport,48.9794,6.2473,Aéroport de Metz-Nancy-Lorraine
FR,airport,49.0069,2.5626,Aéroport de Paris-Charles-de-Gaulle
FR,airport,49.0305,1.2175,Base aérienne 105 Évreux-Fauville
FR,airport,49.1763,-0.4565,Aéroport de Caen-Carpiquet
FR,airport,49.2514,2.52,Base aérienne 110 Creil
FR,airport,49.3655,0.1541,Aéroport de Deauville-Normandie
FR,airport,49.3849,1.1803,Aéroport de Rouen Vallée de Seine
FR,airport,49.4541,2.1197,Aéroport de Beauvais-Tillé
FR,airport,49.5347,0.0892,Aéroport Le Havre-Octeville
FR,airport,49.6491,-1.4674,Aéroport de Cherbourg-Manche
FR,airport,49.9707,2.6933,Aéroport International Amiens Henry Potez
FR,airport,50.5189,1.621,Le Touquet-Côte d'Opale
FR,airport,50.5666,3.0998,Aéroport International de Lille - Lesquin
FR,airport,50.9611,1.9547,Aéroport de Calais - Dunkerque
GR,airport,35.2161,26.101,Κρατικός Αερολιμένας Σητείας
GR,airport,35.3371,25.176,Κρατικός Αερολιμένας Ηρακλείου Νίκος Καζαντζάκης
GR,airport,35.421,27.145,Κρατικός Αερολιμένας Καρπάθου
GR,airport,35.4213,26.9103,Δημοτικός Αερολιμένας Κάσου
GR,airport,35.53,24.1507,Κρατικός Αερολιμένας Χανίων «Ιωάννης Δασκαλογιάννης»
GR,airport,36.1417,29.5764,Αερολιμένας Καστελλόριζου-Μεγίστης
GR,airport,36.2741,23.017,Κρατικός Αερολιμένας Κυθήρων
GR,airport,36.3998,25.4778,Κρατικός Αερολιμένας Σαντορίνης
GR,airport,36.4051,28.0864,"Κρατικός Αερολιμένας Ρόδου ""Διαγόρας"""
GR,airport,36.58,26.3755,Κρατικός Αερολιμένας Αστυπάλαιας (JTY)
GR,airport,36.697,24.4749,Κρατικός Αερολιμένας Μήλου
GR,airport,36.7955,27.0907,Κρατικός Αερολιμένας Κω «Ιπποκράτης»
GR,airport,36.9633,26.9402,Κρατικός Αερολιμένας Καλύμνου
GR,airport,36.9738,22.5258,Κρατικός Αερολιμένας Σπάρτης
GR,airport,37.0211,25.1144,Κρατικός Αερολιμένας Πάρου
GR,airport,37.0684,22.0256,Κρατικός Αερολιμένας Καλαμάτας
GR,airport,37.0811,25.3685,Κρατικός Αερολιμένας Νάξου
GR,airport,37.1842,26.8002,Κρατικός Αερολιμένας Λέρου
GR,airport,37.2984,23.1493,Αεροδρόμιο Πορτοχελίου
GR,airport,37.423,24.9492,"Κρατικός Αερολιμένας Σύρου ""Δημήτριος Βικέλας"""
GR,airport,37.4349,25.3486,Κρατικός Αερολιμένας Μυκόνου
GR,airport,37.6829,26.3468,"Κρατικός Αερολιμένας Ικαρίας ""Ίκαρος"""
GR,airport,37.6901,26.9123,"Κρατικός Αερολιμένας Σάμου ""Αρίσταρχος Ο Σάμιος"""
GR,airport,37.7512,20.8843,Κρατικός Αερολιμένας Ζακύνθου «Διονύσιος Σολωμός»
GR,airport,37.9214,21.2902,Αεροπορική Βάση Ανδραβίδας
GR,airport,37.9372,23.95,Διεθνής Αερολιμένας Αθηνών «Ελευθέριος Βενιζέλος»
GR,airport,38.1202,20.5008,Κρατικός Αερολιμένας Κεφαλονιάς «Άννα Πολλάτου»
GR,airport,38.1512,21.4255,Κρατικός Αερολιμένας Αράξου
GR,airport,38.344,26.1407,Κράτικος Αερολιμένας Χίου (Όμηρος)
GR,airport,38.9238,20.7662,Κρατικός Αερολιμένας Ακτίου
GR,airport,38.9669,24.4851,Κρατικός Αερολιμένας Σκύρου
GR,airport,39.058,26.5983,"Κρατικός Αερολιμένας Μυτιλήνης ""Οδυσσέας Ελύτης"""
GR,airport,39.1781,23.504,Κρατικός Αερολιμένας Σκιάθου «Αλέξανδρος Παπαδιαμάντης»
GR,airport,39.2231,22.7932,Κρατικός Αερολιμένας Νέας Αγχιάλου
GR,airport,39.6019,19.9121,Διεθνής Αερολιμένας Κέρκυρας «Ιωάννης Καποδίστριας»
GR,airport,39.6513,22.4638,Κρατικός Αερολιμένας Λάρισας
GR,airport,39.6979,20.8214,Κρατικός Αερολιμένας Ιωαννίνων «Βασιλεύς Πύρρος»
GR,airport,39.919,25.2374,Αερολιμένας Ήφαιστος
GR,airport,40.2867,21.8419,Κρατικός Αερολιμένας Κοζάνης «Φίλιππος»
GR,airport,40.4465,21.2816,Κρατικός Αερολιμένας Καστοριάς (Αριστοτέλης)
GR,airport,40.52,22.969,"Διεθνής Κρατικός Αερολιμένας Θεσσαλονίκης ""Μακεδονία"""
GR,airport,40.8563,25.9558,"Διεθνές Αεροδρόμιο Αλεξανδρούπολης ""Δημόκριτος"""
GR,airport,40.9151,24.6177,"Κρατικός Αερολιμένας Καβάλας ""Μέγας Αλέξανδρος"""
HR,airport,42.5624,18.266,Zračna luka Ruđer Bošković
HR,airport,43.2843,16.6784,Zračna luka Brač
HR,airport,43.5397,16.2996,Zračna luka Sveti Jeronim
HR,airport,44.0998,15.3444,Zračna luka Zadar
HR,airport,44.567,14.3932,Aerodrom Mali Lošinj
HR,airport,44.8956,13.9227,Zračna luka Pula
HR,airport,45.2166,14.5711,Zračna luka Rijeka
HR,airport,45.4619,18.8146,Zračna luka Osijek
HR,airport,45.7406,16.0652,Zračna luka Franjo Tuđman
IT,airport,35.4986,12.6187,Aeroporto di Lampedusa
IT,airport,36.814,11.9667,Aeroporto di Pantelleria
IT,airport,36.9949,14.6071,Aeroporto di Comiso Pio La Torre
IT,airport,37.4674,15.0653,Aeroporto di Catania Fontanarossa
IT,airport,37.9123,12.4904,Aeroporto di Trapani-Birgi
IT,airport,38.0726,15.6478,Aeroporto di Reggio Calabria - Tito Minniti
IT,airport,38.177,13.1008,Aeroporto di Palermo Falcone e Borsellino
IT,airport,38.9063,16.2462,Aeroporto Internazionale di Lamezia Terme
IT,airport,38.9971,17.0807,Aeroporto Pitagora di Crotone
IT,airport,39.2506,9.056,Aeroporto di Cagliari-Elmas
IT,airport,39.3538,8.9656,Aeroporto Militare di Decimomannu Giovanni Farina
IT,airport,39.8951,8.6422,Aeroporto di Oristano-Fenosu
IT,airport,40.2403,18.1353,"Aeroporto ""Fortunato Cesari"""
IT,airport,40.5113,17.401,Aeroporto di Taranto-Grottaglie
IT,airport,40.6177,14.9089,Aeroporto di Salerno - Costa d'Amalfi
IT,airport,40.6328,8.291,Aeroporto di Alghero-Fertilia
IT,airport,40.6618,17.9398,Aeroporto di Brindisi-Casale
IT,airport,40.8839,14.2892,Aeroporto di Napoli Capodichino
IT,airport,40.8993,9.5187,Aeroporto di Olbia-Costa Smeralda
IT,airport,41.1369,16.7542,Aeroporto di Bari-Palese
IT,airport,41.4332,15.5346,"Aeroporto di Foggia ""Gino Lisa"""
IT,airport,41.7993,12.5927,Aeroporto di Roma-Ciampino
IT,airport,41.8151,12.2508,Aeroporto di Roma-Fiumicino
IT,airport,42.4313,14.1824,Aeroporto internazionale d'Abruzzo Pasquale Liberi
IT,airport,42.761,11.0737,Aeroporto di Grosseto
IT,airport,42.7613,10.2397,Aeroporto di Marina di Campo
IT,airport,43.0983,12.5093,"Aeroporto Internazionale dell'Umbria - Perugia ""San Francesco d'Assisi"""
IT,airport,43.6172,13.3625,"Aeroporto ""Raffaello Sanzio"" di Ancona-Falconara"
IT,airport,43.6848,10.3954,Aeroporto internazionale Galileo Galilei
IT,airport,43.8092,11.2024,Aeroporto Firenze Amerigo Vespucci
IT,airport,44.0194,12.6109,Aeroporto internazionale Federico Fellini
IT,airport,44.1948,12.0705,Aeroporto Luigi Ridolfi
IT,airport,44.3627,12.2243,Aeroporto Gastone Novelli
IT,airport,44.413,8.843,Aeroporto Internazionale di Genova - Cristoforo Colombo
IT,airport,44.5345,11.2879,"Aeroporto di Bologna ""Guglielmo Marconi"""
IT,airport,44.5473,7.6224,Aeroporto di Cuneo-Levaldigi
IT,airport,44.8265,10.2962,"Aeroporto di Parma ""Giuseppe Verdi"""
IT,airport,45.2006,7.6512,Aeroporto di Torino
IT,airport,45.3966,10.8874,Aeroporto Valerio Catullo di Verona-Villafranca
IT,airport,45.4279,10.3306,Aeroporto Brescia Montichiari
IT,airport,45.4444,9.2706,Aeroporto di Milano-Linate
IT,airport,45.5037,12.3499,Aeroporto Marco Polo di Venezia
IT,airport,45.63,8.7254,"Aeroporto internazionale Milano Malpensa ""Silvio Berlusconi"""
IT,airport,45.6491,12.1929,Aeroporto di Treviso-Sant'Angelo
IT,airport,45.6709,9.7073,Aeroporto internazionale il Caravaggio di Bergamo-Orio al Serio
IT,airport,45.6761,9.6995,Aeroporto Militare Antonio Locatelli
IT,airport,45.7388,7.3687,Aeroporto regionale della Valle d'Aosta / Aéroport régional de la Vallée d'Aoste
IT,airport,45.8261,13.4678,Trieste Airport
IT,airport,46.0313,12.5976,Aviano Air Base - Area F
IT,airport,46.1661,12.2488,Aeroporto di Belluno
IT,airport,46.4584,11.3263,Aeroporto di Bolzano-Dolomiti - Flughafen Bozen-Dolomiten
NL,airport,12.1311,-68.2645,Bonaire International Airport
NL,airport,12.1891,-68.9587,Curaçao International Airport
NL,airport,12.5021,-70.0155,Aeropuerto Internacional Reina Beatrix
NL,airport,17.496,-62.98,F. D. Roosevelt Airport
NL,airport,17.6452,-63.221,Juancho E. Yrausquin Airport
NL,airport,18.041,-63.1085,Princess Juliana International Airport
NL,airport,50.912,5.7701,Maastricht Aachen Airport
NL,airport,51.4435,4.3454,Vliegbasis Woensdrecht
NL,airport,51.4518,5.3779,Eindhoven Airport
NL,airport,51.567,4.924,Vliegbasis Gilze-Rijen
NL,airport,51.6571,5.7043,Vliegbasis Volkel
NL,airport,51.9557,4.4407,Rotterdam The Hague Airport
NL,airport,52.3268,4.7578,Luchthaven Schiphol
NL,airport,52.455,5.5151,Lelystad Airport
NL,airport,52.9225,4.7819,Maritiem Vliegkamp De Kooy
NL,airport,52.9233,4.782,Den Helder Airport
NL,airport,53.1208,6.5754,Groningen Airport Eelde
NL,airport,53.2271,5.757,Vliegbasis Leeuwarden
PT,airport,32.6988,-16.7737,Aeroporto Internacional da Madeira - Cristiano Ronaldo
PT,airport,33.0736,-16.3506,Aeroporto do Porto Santo
PT,airport,36.9719,-25.1685,Aeroporto de Santa Maria
PT,airport,37.0175,-7.9706,Aeroporto Gago Coutinho
PT,airport,37.7431,-25.6982,Aeroporto João Paulo II
PT,airport,38.0773,-7.9265,Aeroporto de Beja
PT,airport,38.5204,-28.7161,Aeroporto da Horta
PT,airport,38.5538,-28.4429,Aeroporto da Ilha do Pico
PT,airport,38.7554,-27.0879,Aeroporto Internacional das Lajes
PT,airport,38.781,-9.136,Aeroporto Humberto Delgado
PT,airport,39.4556,-31.1314,Aeroporto das Flores
PT,airport,39.6713,-31.1167,Aérodromo da Ilha do Corvo
PT,airport,41.2488,-8.6782,Aeroporto Francisco Sá Carneiro
